0,0.002,0,11,5.4,1,0.0,0
0.5,0.003,0,12,7.800000000000001,2,0.0,0
1.0,0.003,0,12,6.6000000000000005
1.5,0.006,0,12,5.4
2.0,0.006,0,12,4.2
2.5,0.006,0,12,4.2
3.0,0.006,0,12,4.2
3.5,0.006,0,10,4.2
4.0,0.006,0,10,3.6
4.5,0.008,0,10,3.6
5.0,0.006,0,10,3.6
5.5,0.006,0,10,4.800000000000001
6.0,0.008,1,13,7.2
6.5,0.011,1,19,12.100000000000001
7.0,0.013,1,23,13.3
7.5,0.01,1,27,14.5
8.0,0.008,1,35,15.100000000000001
8.5,0.01,1,39,13.9
9.0,0.01,1,45,12.700000000000001
9.5,0.01,1,50,11.5
10.0,0.01,2,52,9.600000000000001
10.5,0.01,2,54,7.800000000000001
11.0,0.008,2,56,7.2
11.5,0.008,2,58,6.0
12.0,0.006,2,59,5.4
12.5,0.006,3,60,4.2
13.0,0.006,3,60,4.2
13.5,0.006,3,61,3.6
14.0,0.008,3,61,3.0
14.5,0.005,3,61,3.0
15.0,0.006,4,62,4.2
15.5,0.008,4,62,4.2
16.0,0.008,4,63,5.4
16.5,0.006,4,64,7.800000000000001
17.0,0.008,4,67,8.4
17.5,0.008,5,70,9.0
18.0,0.008,5,74,9.0
18.5,0.008,5,77,8.4
19.0,0.008,5,80,7.800000000000001
19.5,0.008,5,82,6.6000000000000005
20.0,0.01,6,83,6.0
20.5,0.008,6,84,4.800000000000001
21.0,0.006,6,86,4.2
21.5,0.006,6,86,4.2
22.0,0.006,7,87,3.6
22.5,0.005,7,87,2.4000000000000004
23.0,0.006,7,87,1.8
23.5,0.006,8,87,0.6000000000000001
24.0,0.006,8,87,0.6000000000000001
24.5,0.006,8,88,0.0
25.0,0.005,8,87,0.0
25.5,0.006,9,87,0.0
26.0,0.006,9,87,0.0
26.5,0.006,9,86,0.6000000000000001
27.0,0.008,9,88,1.2000000000000002
27.5,0.006,10,90,2.4000000000000004
28.0,0.006,10,93,2.4000000000000004
28.5,0.006,10,96,2.4000000000000004
29.0,0.006,11,98,0.6000000000000001
29.5,0.006,11,99,0.0
30.0,0.01,11,101,0.0
30.5,0.008,12,103,0.0
31.0,0.005,12,105,0.0
31.5,0.006,12,106,0.0
32.0,0.006,12,108,0.0
32.5,0.006,13,108,0.0
33.0,0.01,13,109,0.0
33.5,0.005,14,110,0.0
34.0,0.008,14,110,0.0
34.5,0.005,14,111,0.0
35.0,0.006,15,113,0.6000000000000001
35.5,0.008,15,116,0.6000000000000001
36.0,0.005,15,118,0.6000000000000001
36.5,0.01,16,120,0.6000000000000001
37.0,0.006,16,122,0.6000000000000001
37.5,0.006,16,124,0.0
38.0,0.006,17,124,0.6000000000000001
38.5,0.005,17,124,2.4000000000000004
39.0,0.006,17,124,4.2
39.5,0.006,18,126,4.800000000000001
40.0,0.005,18,126,4.800000000000001
40.5,0.008,19,126,4.800000000000001
41.0,0.006,19,126,4.2
41.5,0.01,19,126,3.6
42.0,0.005,20,126,3.6
42.5,0.005,20,126,4.2
43.0,0.008,20,127,4.2
43.5,0.006,21,127,4.2
44.0,0.01,21,127,4.800000000000001
44.5,0.006,22,127,3.6
45.0,0.005,22,126,3.6
45.5,0.006,22,126,3.0
46.0,0.005,23,126,3.0
46.5,0.005,23,125,3.6
47.0,0.005,24,125,3.0
47.5,0.005,24,125,3.0
48.0,0.006,24,124,3.0
48.5,0.01,25,124,2.4000000000000004
49.0,0.005,25,124,2.4000000000000004
49.5,0.005,25,124,2.4000000000000004
50.0,0.006,26,124,2.4000000000000004
50.5,0.005,26,124,2.4000000000000004
51.0,0.008,27,123,2.4000000000000004
51.5,0.005,27,122,1.8
52.0,0.006,27,122,1.2000000000000002
52.5,0.006,28,122,1.2000000000000002
53.0,0.006,28,122,0.6000000000000001
53.5,0.008,28,122,0.6000000000000001
54.0,0.005,29,120,0.6000000000000001
54.5,0.006,29,120,0.6000000000000001
55.0,0.005,29,119,0.6000000000000001
55.5,0.006,30,118,0.6000000000000001
56.0,0.006,30,117,0.0
56.5,0.005,30,117,0.0
57.0,0.003,31,117,0.0
57.5,0.005,31,117,0.0
58.0,0.006,32,117,0.0
58.5,0.008,32,116,0.0
59.0,0.006,32,116,0.0
59.5,0.006,33,116,0.0
60.0,0.005,33,115,0.0
60.5,0.006,33,116,0.0
61.0,0.005,34,116,0.0
61.5,0.005,34,117,0.0
62.0,0.002,34,117,0.0
62.5,0.003,35,117,0.0
63.0,0.01,35,116,0.0
63.5,0.003,35,116,0.0
64.0,0.006,36,116,0.0
64.5,0.003,36,115,0.0
65.0,0.006,36,114,0.0
65.5,0.006,37,114,1.8
66.0,0.005,37,114,3.0
66.5,0.008,38,114,3.0
67.0,0.005,38,114,3.0
67.5,0.006,38,114,2.4000000000000004
68.0,0.005,39,113,2.4000000000000004
68.5,0.006,39,113,2.4000000000000004
69.0,0.005,39,112,2.4000000000000004
69.5,0.006,39,112,2.4000000000000004
70.0,0.005,40,112,2.4000000000000004
70.5,0.006,40,112,3.0
71.0,0.006,41,112,3.6
71.5,0.006,41,112,3.6
72.0,0.006,41,112,3.0
72.5,0.005,42,112,2.4000000000000004
73.0,0.006,42,111,2.4000000000000004
73.5,0.005,42,111,2.4000000000000004
74.0,0.005,43,111,2.4000000000000004
74.5,0.008,43,111,2.4000000000000004
75.0,0.005,43,110,2.4000000000000004
75.5,0.008,44,110,3.0
76.0,0.006,44,110,3.0
76.5,0.006,44,110,2.4000000000000004
77.0,0.006,44,110,2.4000000000000004
77.5,0.008,45,110,2.4000000000000004
78.0,0.006,45,110,2.4000000000000004
78.5,0.008,46,110,2.4000000000000004
79.0,0.006,46,109,2.4000000000000004
79.5,0.006,46,109,2.4000000000000004
80.0,0.006,47,109,1.8
80.5,0.005,47,109,1.2000000000000002
81.0,0.005,47,109,0.6000000000000001
81.5,0.006,48,109,0.6000000000000001
82.0,0.006,48,108,0.6000000000000001
82.5,0.005,48,108,0.6000000000000001
83.0,0.006,48,107,0.0
83.5,0.005,49,107,0.6000000000000001
84.0,0.008,49,106,0.0
84.5,0.005,49,105,0.6000000000000001
85.0,0.006,50,105,0.0
85.5,0.006,50,105,0.0
86.0,0.006,50,105,0.0
86.5,0.005,51,105,0.0
87.0,0.008,51,105,0.0
87.5,0.005,51,105,0.0
88.0,0.006,52,105,0.0
88.5,0.008,52,105,0.0
89.0,0.006,52,105,0.0
89.5,0.006,53,105,0.0
90.0,0.008,53,105,0.0
90.5,0.008,53,105,0.0
91.0,0.006,54,106,0.0
91.5,0.006,54,107,0.0
92.0,0.005,54,107,0.0
92.5,0.008,54,107,0.0
93.0,0.006,55,106,0.0
93.5,0.008,55,106,0.0
94.0,0.005,55,106,0.0
94.5,0.006,56,105,0.0
95.0,0.003,58,104,2.4000000000000004
95.5,0.008,58,104,2.4000000000000004
96.0,0.005,59,104,2.4000000000000004
96.5,0.006,59,104,2.4000000000000004
97.0,0.005,59,104,3.0
97.5,0.006,60,104,2.4000000000000004
98.0,0.006,60,104,3.0
98.5,0.006,60,104,3.6
99.0,0.006,61,104,3.6
99.5,0.005,61,104,3.0
100.0,0.006,61,104,3.0
100.5,0.005,61,104,3.0
101.0,0.008,62,103,3.0
101.5,0.006,62,103,3.0
102.0,0.006,62,103,3.6
102.5,0.005,63,103,3.0
103.0,0.006,63,103,3.0
103.5,0.005,63,103,3.0
104.0,0.008,64,103,3.0
104.5,0.005,64,104,2.4000000000000004
105.0,0.006,64,103,2.4000000000000004
105.5,0.003,65,103,2.4000000000000004
106.0,0.005,65,104,2.4000000000000004
106.5,0.005,65,103,2.4000000000000004
107.0,0.006,65,103,2.4000000000000004
107.5,0.003,66,103,2.4000000000000004
108.0,0.01,66,103,1.2000000000000002
108.5,0.005,66,103,1.2000000000000002
109.0,0.005,67,103,0.6000000000000001
109.5,0.005,67,104,0.6000000000000001
110.0,0.006,67,103,0.6000000000000001
110.5,0.003,68,103,0.0
111.0,0.006,68,102,0.0
111.5,0.005,68,102,0.0
112.0,0.005,69,101,0.6000000000000001
112.5,0.005,69,101,0.6000000000000001
113.0,0.006,69,101,0.0
113.5,0.005,69,100,0.0
114.0,0.006,70,101,0.0
114.5,0.005,70,100,0.0
115.0,0.005,70,101,0.0
115.5,0.006,71,101,0.0
116.0,0.006,71,101,0.0
116.5,0.005,71,101,0.0
117.0,0.008,72,101,0.0
117.5,0.005,72,101,0.0
118.0,0.006,72,101,0.0
118.5,0.006,73,101,0.0
119.0,0.006,73,101,0.0
119.5,0.003,73,102,0.0
120.0,0.006,73,102,0.0
120.5,0.006,74,103,0.0
121.0,0.005,74,103,0.0
121.5,0.005,74,102,0.0
122.0,0.005,75,102,0.0
122.5,0.003,75,102,0.0
123.0,0.006,75,102,0.0
123.5,0.003,76,101,0.6000000000000001
124.0,0.005,76,101,2.4000000000000004
124.5,0.005,76,101,3.0
125.0,0.005,77,102,3.0
125.5,0.003,77,102,3.0
126.0,0.006,77,102,3.0
126.5,0.005,77,101,2.4000000000000004
127.0,0.005,78,101,2.4000000000000004
127.5,0.005,78,101,2.4000000000000004
128.0,0.006,78,100,2.4000000000000004
128.5,0.003,79,101,3.0
129.0,0.006,79,101,3.0
129.5,0.005,79,101,3.0
130.0,0.005,80,101,3.6
130.5,0.005,80,101,3.6
131.0,0.005,80,101,3.6
131.5,0.003,80,102,3.6
132.0,0.008,81,101,3.0
132.5,0.005,81,101,3.0
133.0,0.003,81,101,3.0
133.5,0.008,82,101,3.0
134.0,0.003,82,101,3.6
134.5,0.003,82,101,3.0
135.0,0.006,83,100,3.0
135.5,0.003,83,101,3.0
136.0,0.005,83,101,3.0
136.5,0.003,83,101,2.4000000000000004
137.0,0.005,84,102,2.4000000000000004
137.5,0.003,84,101,2.4000000000000004
138.0,0.006,84,101,2.4000000000000004
138.5,0.005,85,101,2.4000000000000004
139.0,0.005,85,101,3.0
139.5,0.005,85,101,3.0
140.0,0.003,86,101,1.8
140.5,0.003,86,101,0.6000000000000001
141.0,0.006,86,101,0.6000000000000001
141.5,0.003,87,102,0.6000000000000001
142.0,0.003,87,101,0.6000000000000001
142.5,0.003,87,101,0.0
143.0,0.003,88,100,0.0
143.5,0.003,88,100,0.0
144.0,0.005,88,100,0.0
144.5,0.003,88,99,0.0
145.0,0.003,89,99,0.0
145.5,0.005,89,99,0.0
146.0,0.005,89,99,0.0
146.5,0.005,90,99,0.0
147.0,0.006,90,99,0.0
147.5,0.003,90,100,0.0
148.0,0.005,91,100,0.0
148.5,0.003,91,99,0.0
149.0,0.005,91,99,0.0
149.5,0.003,91,99,0.0
150.0,0.005,92,100,0.0
150.5,0.003,92,100,0.0
151.0,0.005,92,100,0.0
151.5,0.005,93,101,0.0
152.0,0.003,93,102,0.0
152.5,0.003,93,102,0.0
153.0,0.006,93,102,0.0
153.5,0.002,94,102,0.0
154.0,0.003,94,101,0.0
154.5,0.003,94,101,0.0
155.0,0.003,95,101,0.0
155.5,0.003,95,101,0.0
156.0,0.003,95,100,1.8
156.5,0.002,96,100,2.4000000000000004
157.0,0.003,96,101,3.0
157.5,0.002,96,101,3.0
158.0,0.005,97,101,3.0
158.5,0.002,97,101,2.4000000000000004
159.0,0.005,97,100,2.4000000000000004
159.5,0.002,97,100,2.4000000000000004
160.0,0.005,98,100,2.4000000000000004
160.5,0.003,98,100,2.4000000000000004
161.0,0.005,98,100,3.0
161.5,0.003,99,100,3.6
162.0,0.003,99,100,3.6
162.5,0.003,99,100,3.6
163.0,0.006,100,101,3.6
163.5,0.003,100,101,3.6
164.0,0.003,100,101,3.0
164.5,0.002,101,100,3.0
165.0,0.003,101,100,3.0
165.5,0.002,101,101,3.0
166.0,0.005,101,100,3.0
166.5,0.002,102,100,3.6
167.0,0.003,102,100,3.0
167.5,0.002,102,100,3.0
168.0,0.003,103,100,3.0
168.5,0.003,103,100,3.0
169.0,0.005,103,101,2.4000000000000004
169.5,0.003,103,101,2.4000000000000004
170.0,0.003,104,100,2.4000000000000004
170.5,0.0,104,101,2.4000000000000004
171.0,0.003,104,101,2.4000000000000004
171.5,0.002,105,101,2.4000000000000004
172.0,0.006,105,101,2.4000000000000004
172.5,0.003,105,100,1.2000000000000002
173.0,0.003,106,101,1.2000000000000002
173.5,0.002,106,101,0.6000000000000001
174.0,0.003,106,101,0.6000000000000001
174.5,0.003,107,101,0.0
175.0,0.006,107,100,0.0
175.5,0.002,107,100,0.0
176.0,0.003,107,99,0.0
176.5,0.002,108,99,0.0
177.0,0.003,108,98,0.0
177.5,0.002,108,99,0.0
178.0,0.003,109,98,0.0
178.5,0.002,109,98,0.0
179.0,0.003,109,98,0.0
179.5,0.002,110,99,0.0
180.0,0.003,110,99,0.0
180.5,0.005,110,99,0.0
181.0,0.003,110,99,0.0
181.5,0.003,111,99,0.0
182.0,0.002,111,99,0.0
182.5,0.002,111,99,0.0
183.0,0.003,112,100,0.0
183.5,0.002,112,100,0.0
184.0,0.003,112,101,0.0
184.5,0.003,113,101,0.0
185.0,0.003,113,102,0.0
185.5,0.003,113,102,0.0
186.0,0.003,113,102,0.0
186.5,0.002,114,101,0.0
187.0,0.003,114,101,0.0
187.5,0.002,114,101,0.0
188.0,0.003,115,100,0.0
188.5,0.002,115,100,1.2000000000000002
189.0,0.003,115,100,2.4000000000000004
189.5,0.002,116,101,3.0
190.0,0.002,116,101,3.0
190.5,0.002,116,101,2.4000000000000004
191.0,0.002,117,100,2.4000000000000004
191.5,0.002,117,100,2.4000000000000004
192.0,0.0,117,100,2.4000000000000004
192.5,0.003,117,100,2.4000000000000004
193.0,0.003,118,100,2.4000000000000004
193.5,0.002,118,100,3.0
194.0,0.002,118,100,2.4000000000000004
194.5,0.003,119,100,3.0
195.0,0.002,119,100,3.6
195.5,0.002,119,101,3.6
196.0,0.002,120,101,3.6
196.5,0.002,120,101,3.0
197.0,0.0,120,101,3.0
197.5,0.002,120,100,3.0
198.0,0.003,121,100,3.0
198.5,0.002,121,101,3.6
199.0,0.002,121,100,3.0
199.5,0.002,122,100,2.4000000000000004
200.0,0.0,122,100,2.4000000000000004
200.5,0.003,122,100,3.0
201.0,0.002,123,100,2.4000000000000004
201.5,0.002,123,100,2.4000000000000004
202.0,0.003,123,100,2.4000000000000004
202.5,0.003,123,100,2.4000000000000004
203.0,0.002,124,101,2.4000000000000004
203.5,0.003,124,100,2.4000000000000004
204.0,0.002,124,100,2.4000000000000004
204.5,0.002,125,101,2.4000000000000004
205.0,0.003,125,100,1.2000000000000002
205.5,0.003,125,100,0.6000000000000001
206.0,0.002,126,101,0.6000000000000001
206.5,0.005,126,101,0.6000000000000001
207.0,0.002,126,100,0.0
207.5,0.002,126,100,0.0
208.0,0.002,127,99,0.6000000000000001
208.5,0.002,127,99,0.0
209.0,0.0,127,98,0.0
209.5,0.003,128,98,0.0
210.0,0.002,128,98,0.0
210.5,0.002,128,98,0.0
211.0,0.005,129,98,0.0
211.5,0.002,129,98,0.0
212.0,0.002,129,99,0.0
212.5,0.003,129,99,0.0
213.0,0.003,130,99,0.0
213.5,0.002,130,98,0.0
214.0,0.003,130,99,0.0
214.5,0.003,131,99,0.0
215.0,0.002,131,99,0.0
215.5,0.005,131,100,0.0
216.0,0.002,131,100,0.0
216.5,0.003,132,101,0.0
217.0,0.002,132,101,0.0
217.5,0.003,132,102,0.0
218.0,0.002,133,102,0.0
218.5,0.003,133,101,0.0
219.0,0.003,133,101,0.0
219.5,0.003,134,101,0.0
220.0,0.002,134,101,0.0
220.5,0.003,134,101,0.0
221.0,0.002,135,100,1.2000000000000002
221.5,0.003,135,100,2.4000000000000004
222.0,0.003,135,101,3.0
222.5,0.005,136,101,2.4000000000000004
223.0,0.002,136,101,2.4000000000000004
223.5,0.003,136,101,2.4000000000000004
224.0,0.005,136,101,2.4000000000000004
224.5,0.005,137,100,2.4000000000000004
225.0,0.003,137,100,2.4000000000000004
225.5,0.003,137,100,2.4000000000000004
226.0,0.003,138,101,2.4000000000000004
226.5,0.002,138,101,2.4000000000000004
227.0,0.003,138,101,3.0
227.5,0.005,139,101,3.0
228.0,0.003,139,102,3.0
228.5,0.003,139,101,3.0
229.0,0.002,139,101,2.4000000000000004
229.5,0.003,140,101,2.4000000000000004
230.0,0.003,140,101,2.4000000000000004
230.5,0.003,140,101,2.4000000000000004
231.0,0.002,141,102,2.4000000000000004
231.5,0.005,141,101,2.4000000000000004
232.0,0.002,141,100,2.4000000000000004
232.5,0.002,142,101,2.4000000000000004
233.0,0.002,142,101,2.4000000000000004
233.5,0.005,142,101,1.8
234.0,0.002,142,101,1.8
234.5,0.003,143,101,1.8
235.0,0.002,143,101,1.8
235.5,0.003,143,102,1.8
236.0,0.003,144,102,1.8
236.5,0.003,144,101,2.4000000000000004
237.0,0.005,144,101,1.8
237.5,0.005,145,101,0.6000000000000001
238.0,0.002,145,101,0.6000000000000001
238.5,0.003,145,102,0.6000000000000001
239.0,0.002,146,101,0.0
239.5,0.005,146,101,0.0
240.0,0.002,146,100,0.0
240.5,0.005,146,100,0.0
241.0,0.005,147,99,0.0
241.5,0.002,147,99,0.0
242.0,0.002,147,99,0.0
242.5,0.005,148,99,0.0
243.0,0.003,148,98,0.0
243.5,0.003,148,98,0.0
244.0,0.002,149,98,0.0
244.5,0.002,149,99,0.0
245.0,0.003,149,99,0.0
245.5,0.005,149,99,0.0
246.0,0.003,150,99,0.0
246.5,0.003,150,98,0.0
247.0,0.005,150,99,0.0
247.5,0.003,151,99,0.0
248.0,0.003,151,100,0.0
248.5,0.005,151,100,0.0
249.0,0.002,151,101,0.0
249.5,0.006,152,101,0.0
250.0,0.003,152,101,0.0
250.5,0.002,152,101,0.0
251.0,0.002,153,101,0.0
251.5,0.005,153,101,0.0
252.0,0.003,153,101,0.0
252.5,0.005,154,101,0.0
253.0,0.005,154,100,0.6000000000000001
253.5,0.003,154,100,1.8
254.0,0.003,155,100,2.4000000000000004
254.5,0.003,155,101,2.4000000000000004
255.0,0.002,155,101,2.4000000000000004
255.5,0.005,156,101,2.4000000000000004
256.0,0.005,156,100,2.4000000000000004
256.5,0.002,156,100,1.8
257.0,0.002,156,100,1.8
257.5,0.003,157,99,1.8
258.0,0.003,157,99,2.4000000000000004
258.5,0.005,157,100,2.4000000000000004
259.0,0.005,158,100,2.4000000000000004
259.5,0.002,158,100,3.0
260.0,0.003,158,100,3.0
260.5,0.003,159,100,3.0
261.0,0.002,159,101,3.0
261.5,0.005,159,100,2.4000000000000004
262.0,0.003,159,100,2.4000000000000004
262.5,0.003,160,100,2.4000000000000004
263.0,0.005,160,100,2.4000000000000004
263.5,0.0,160,100,3.0
264.0,0.002,161,100,2.4000000000000004
264.5,0.005,161,100,2.4000000000000004
265.0,0.003,161,100,2.4000000000000004
265.5,0.002,161,100,2.4000000000000004
266.0,0.003,162,100,2.4000000000000004
266.5,0.003,162,100,1.8
267.0,0.002,162,101,1.8
267.5,0.005,163,101,1.8
268.0,0.003,163,100,1.8
268.5,0.002,163,100,1.8
269.0,0.002,164,100,2.4000000000000004
269.5,0.003,164,100,1.8
270.0,0.002,164,100,1.2000000000000002
270.5,0.003,165,100,0.6000000000000001
271.0,0.006,165,101,0.6000000000000001
271.5,0.002,165,101,0.0
272.0,0.003,165,100,0.0
272.5,0.003,166,99,0.0
273.0,0.002,166,99,0.0
273.5,0.002,166,99,0.0
274.0,0.005,167,98,0.0
274.5,0.002,167,98,0.0
275.0,0.002,167,98,0.0
275.5,0.005,168,98,0.0
276.0,0.003,168,98,0.0
276.5,0.002,168,98,0.0
277.0,0.003,168,98,0.0
277.5,0.003,169,98,0.0
278.0,0.003,169,98,0.0
278.5,0.003,169,98,0.0
279.0,0.002,170,98,0.0
279.5,0.002,170,98,0.0
280.0,0.006,170,99,0.0
280.5,0.002,170,99,0.0
281.0,0.002,171,99,0.0
281.5,0.002,171,100,0.0
282.0,0.002,171,101,0.0
282.5,0.002,172,101,0.0
283.0,0.005,172,101,0.0
283.5,0.002,172,101,0.0
284.0,0.003,173,100,0.0
284.5,0.002,173,100,0.0
285.0,0.002,173,100,0.0
285.5,0.002,174,100,0.0
286.0,0.005,174,99,1.8
286.5,0.002,174,99,2.4000000000000004
287.0,0.003,174,100,2.4000000000000004
287.5,0.003,175,100,2.4000000000000004
288.0,0.003,175,100,2.4000000000000004
288.5,0.005,175,100,2.4000000000000004
289.0,0.005,176,99,1.8
289.5,0.002,176,99,2.4000000000000004
290.0,0.003,176,99,2.4000000000000004
290.5,0.003,176,99,2.4000000000000004
291.0,0.002,177,99,2.4000000000000004
291.5,0.002,177,100,2.4000000000000004
292.0,0.005,177,100,3.0
292.5,0.005,178,100,3.6
293.0,0.005,178,100,3.6
293.5,0.003,178,100,3.0
294.0,0.003,179,100,3.0
294.5,0.002,179,100,2.4000000000000004
295.0,0.003,179,100,2.4000000000000004
295.5,0.003,180,100,2.4000000000000004
296.0,0.003,180,100,3.0
296.5,0.003,180,100,3.0
297.0,0.003,180,99,2.4000000000000004
297.5,0.003,181,99,2.4000000000000004
298.0,0.003,181,100,2.4000000000000004
298.5,0.005,181,100,2.4000000000000004
299.0,0.003,182,100,2.4000000000000004
299.5,0.003,182,100,1.8
300.0,0.003,182,100,1.8
300.5,0.002,183,101,1.8
301.0,0.003,183,100,1.8
301.5,0.006,183,100,2.4000000000000004
302.0,0.003,183,100,2.4000000000000004
302.5,0.003,184,100,1.2000000000000002
303.0,0.003,184,100,0.6000000000000001
303.5,0.002,184,100,0.6000000000000001
304.0,0.003,185,101,0.0
304.5,0.003,185,100,0.0
305.0,0.002,185,100,0.0
305.5,0.003,186,99,0.0
306.0,0.003,186,99,0.0
306.5,0.002,186,98,0.0
307.0,0.002,186,98,0.0
307.5,0.005,187,98,0.0
308.0,0.003,187,97,0.0
308.5,0.003,187,98,0.0
309.0,0.003,188,97,0.0
309.5,0.005,188,98,0.0
310.0,0.002,188,98,0.0
310.5,0.005,189,98,0.0
311.0,0.003,189,98,0.0
311.5,0.005,189,98,0.0
312.0,0.003,189,98,0.0
312.5,0.003,190,98,0.0
313.0,0.002,190,99,0.0
313.5,0.005,190,99,0.0
314.0,0.003,191,100,0.0
314.5,0.006,191,100,0.0
315.0,0.003,191,100,0.0
315.5,0.003,191,101,0.0
316.0,0.002,192,100,0.0
316.5,0.003,192,100,0.0
317.0,0.002,192,100,0.0
317.5,0.003,193,100,0.0
318.0,0.003,193,99,0.0
318.5,0.003,193,99,1.2000000000000002
319.0,0.002,194,99,1.8
319.5,0.003,194,99,2.4000000000000004
320.0,0.003,194,100,3.0
320.5,0.005,195,100,2.4000000000000004
321.0,0.003,195,100,2.4000000000000004
321.5,0.003,195,99,2.4000000000000004
322.0,0.002,195,99,2.4000000000000004
322.5,0.005,196,99,2.4000000000000004
323.0,0.003,196,99,2.4000000000000004
323.5,0.005,196,99,2.4000000000000004
324.0,0.005,197,99,3.0
324.5,0.003,197,100,3.0
325.0,0.003,197,100,3.6
325.5,0.003,198,100,3.6
326.0,0.002,198,100,3.6
326.5,0.005,198,100,3.0
327.0,0.003,198,100,2.4000000000000004
327.5,0.005,199,100,2.4000000000000004
328.0,0.003,199,100,2.4000000000000004
328.5,0.002,199,100,3.0
329.0,0.002,200,100,3.0
329.5,0.005,200,100,2.4000000000000004
330.0,0.005,200,99,2.4000000000000004
330.5,0.002,200,99,2.4000000000000004
331.0,0.005,201,99,2.4000000000000004
331.5,0.003,201,100,2.4000000000000004
332.0,0.003,201,100,1.8
332.5,0.006,202,100,1.8
333.0,0.003,202,100,1.8
333.5,0.002,202,100,1.8
334.0,0.005,203,100,2.4000000000000004
334.5,0.002,203,99,2.4000000000000004
335.0,0.003,203,99,1.8
335.5,0.006,204,99,1.2000000000000002
336.0,0.003,204,99,0.6000000000000001
336.5,0.002,204,100,0.6000000000000001
337.0,0.003,204,100,0.0
337.5,0.002,205,99,0.0
338.0,0.003,205,99,0.0
338.5,0.005,205,98,0.0
339.0,0.003,206,98,0.0
339.5,0.002,206,97,0.0
340.0,0.003,206,97,0.0
340.5,0.002,206,97,0.0
341.0,0.003,207,97,0.0
341.5,0.003,207,97,0.0
342.0,0.005,207,97,0.0
342.5,0.002,208,98,0.0
343.0,0.006,208,98,0.0
343.5,0.002,208,97,0.0
344.0,0.002,209,98,0.0
344.5,0.005,209,97,0.0
345.0,0.006,209,97,0.0
345.5,0.002,209,98,0.0
346.0,0.005,210,98,0.0
346.5,0.003,210,98,0.0
347.0,0.003,210,100,0.0
347.5,0.003,211,100,0.0
348.0,0.003,211,100,0.0
348.5,0.002,211,100,0.0
349.0,0.003,212,100,0.0
349.5,0.003,212,100,0.0
350.0,0.005,212,100,0.0
350.5,0.003,212,100,0.0
351.0,0.003,213,99,0.0
351.5,0.003,213,99,1.8
352.0,0.003,213,99,2.4000000000000004
352.5,0.005,214,100,3.0
353.0,0.003,214,100,3.0
353.5,0.003,216,99,2.4000000000000004
354.0,0.003,216,99,2.4000000000000004
354.5,0.003,217,99,3.0
355.0,0.005,217,99,3.6
355.5,0.003,217,99,3.6
356.0,0.003,218,100,3.6
356.5,0.003,218,100,3.0
357.0,0.002,218,99,2.4000000000000004
357.5,0.002,218,99,2.4000000000000004
358.0,0.003,219,99,3.0
358.5,0.003,219,99,3.0
359.0,0.003,219,99,3.0
359.5,0.005,220,99,3.0
360.0,0.002,220,99,3.0
360.5,0.005,220,99,3.0
361.0,0.005,220,99,2.4000000000000004
361.5,0.003,221,100,2.4000000000000004
362.0,0.002,221,100,2.4000000000000004
362.5,0.003,221,100,2.4000000000000004
363.0,0.002,222,100,2.4000000000000004
363.5,0.003,222,100,2.4000000000000004
364.0,0.003,222,100,2.4000000000000004
364.5,0.005,223,100,2.4000000000000004
365.0,0.003,223,100,1.2000000000000002
365.5,0.003,223,100,1.2000000000000002
366.0,0.003,224,100,0.6000000000000001
366.5,0.003,224,101,0.6000000000000001
367.0,0.003,224,100,0.6000000000000001
367.5,0.003,224,100,0.0
368.0,0.002,225,99,0.0
368.5,0.005,225,99,0.0
369.0,0.002,225,98,0.0
369.5,0.003,226,98,0.0
370.0,0.002,226,98,0.0
370.5,0.003,226,98,0.0
371.0,0.002,226,98,0.0
371.5,0.003,227,98,0.0
372.0,0.002,227,98,0.0
372.5,0.003,227,98,0.0
373.0,0.003,228,99,0.0
373.5,0.006,228,98,0.0
374.0,0.003,228,98,0.0
374.5,0.003,229,98,0.0
375.0,0.003,229,98,0.0
375.5,0.003,229,99,0.0
376.0,0.002,229,99,0.0
376.5,0.005,230,100,0.0
377.0,0.005,230,100,0.0
377.5,0.005,230,101,0.0
378.0,0.005,231,101,0.0
378.5,0.003,231,101,0.0
379.0,0.003,231,100,0.0
379.5,0.003,232,100,0.0
380.0,0.003,232,100,0.0
380.5,0.005,232,100,0.0
381.0,0.003,233,99,0.6000000000000001
381.5,0.003,233,99,2.4000000000000004
382.0,0.003,233,100,3.0
382.5,0.003,233,100,3.0
383.0,0.003,234,100,2.4000000000000004
383.5,0.005,234,100,2.4000000000000004
384.0,0.005,234,99,2.4000000000000004
384.5,0.002,235,99,2.4000000000000004
385.0,0.003,235,99,2.4000000000000004
385.5,0.005,235,99,2.4000000000000004
386.0,0.002,235,99,2.4000000000000004
386.5,0.006,236,99,3.0
387.0,0.005,236,100,3.0
387.5,0.003,236,100,3.6
388.0,0.003,237,100,3.6
388.5,0.005,237,100,3.6
389.0,0.003,237,100,3.0
389.5,0.002,238,100,3.0
390.0,0.005,238,100,2.4000000000000004
390.5,0.003,238,100,2.4000000000000004
391.0,0.003,238,100,3.0
391.5,0.003,239,100,3.6
392.0,0.003,239,100,2.4000000000000004
392.5,0.002,239,100,2.4000000000000004
393.0,0.003,240,100,2.4000000000000004
393.5,0.003,240,100,2.4000000000000004
394.0,0.003,240,100,2.4000000000000004
394.5,0.005,241,100,2.4000000000000004
395.0,0.002,241,100,2.4000000000000004
395.5,0.003,241,100,1.8
396.0,0.005,242,100,2.4000000000000004
396.5,0.002,242,100,2.4000000000000004
397.0,0.002,242,100,3.0
397.5,0.003,242,100,1.8
398.0,0.005,243,100,0.6000000000000001
398.5,0.003,243,100,0.6000000000000001
399.0,0.005,243,101,0.6000000000000001
399.5,0.003,244,100,0.0
400.0,0.002,244,100,0.0
400.5,0.003,244,99,0.0
401.0,0.005,244,99,0.0
401.5,0.003,245,99,0.0
402.0,0.005,245,98,0.0
402.5,0.002,245,98,0.0
403.0,0.003,246,98,0.0
403.5,0.002,246,98,0.0
404.0,0.003,246,98,0.0
404.5,0.002,247,98,0.0
405.0,0.006,247,98,0.0
405.5,0.0,247,99,0.0
406.0,0.003,248,98,0.0
406.5,0.002,248,99,0.0
407.0,0.005,248,99,0.0
407.5,0.003,248,99,0.0
408.0,0.005,249,100,0.0
408.5,0.002,249,100,0.0
409.0,0.003,249,99,0.0
409.5,0.003,250,101,0.0
410.0,0.005,250,101,0.0
410.5,0.003,250,102,0.0
411.0,0.005,251,101,0.0
411.5,0.002,251,101,0.0
412.0,0.005,251,101,0.0
412.5,0.003,251,100,0.0
413.0,0.003,252,100,0.0
413.5,0.0,252,100,0.6000000000000001
414.0,0.005,252,99,1.8
414.5,0.0,253,100,2.4000000000000004
415.0,0.003,253,101,3.0
415.5,0.003,253,100,2.4000000000000004
416.0,0.002,253,100,2.4000000000000004
416.5,0.002,254,100,2.4000000000000004
417.0,0.005,254,99,2.4000000000000004
417.5,0.002,254,99,2.4000000000000004
418.0,0.003,255,99,2.4000000000000004
418.5,0.002,255,99,2.4000000000000004
419.0,0.003,255,99,3.0
419.5,0.003,256,100,2.4000000000000004
420.0,0.005,256,100,3.0
420.5,0.002,256,100,3.6
421.0,0.003,257,100,3.0
421.5,0.003,257,100,3.0
422.0,0.002,257,100,2.4000000000000004
422.5,0.002,257,100,2.4000000000000004
423.0,0.005,258,100,2.4000000000000004
423.5,0.002,258,100,3.0
424.0,0.002,258,100,3.0
424.5,0.003,259,99,2.4000000000000004
425.0,0.002,259,99,2.4000000000000004
425.5,0.002,259,99,2.4000000000000004
426.0,0.003,260,100,2.4000000000000004
426.5,0.003,260,100,2.4000000000000004
427.0,0.002,260,100,2.4000000000000004
427.5,0.003,260,100,2.4000000000000004
428.0,0.0,261,100,1.8
428.5,0.002,261,100,1.8
429.0,0.003,261,100,2.4000000000000004
429.5,0.005,262,100,2.4000000000000004
430.0,0.002,262,100,1.8
430.5,0.003,262,100,1.2000000000000002
431.0,0.0,263,100,0.6000000000000001
431.5,0.0,263,100,0.6000000000000001
432.0,0.002,263,100,0.6000000000000001
432.5,0.002,263,100,0.0
433.0,0.002,264,99,0.0
433.5,0.002,264,99,0.0
434.0,0.002,264,98,0.0
434.5,0.002,265,98,0.0
435.0,0.002,265,98,0.0
435.5,0.003,265,98,0.0
436.0,0.0,266,98,0.0
436.5,0.003,266,98,0.0
437.0,0.0,266,98,0.0
437.5,0.002,266,99,0.0
438.0,0.0,267,99,0.0
438.5,0.003,267,98,0.0
439.0,0.002,267,98,0.0
439.5,0.003,268,99,0.0
440.0,0.002,268,99,0.0
440.5,0.003,268,99,0.0
441.0,0.002,268,99,0.0
441.5,0.003,269,99,0.0
442.0,0.0,269,101,0.0
442.5,0.006,269,101,0.0
443.0,0.002,270,101,0.0
443.5,0.002,270,101,0.0
444.0,0.002,270,101,0.0
444.5,0.003,271,101,0.0
445.0,0.002,271,101,0.0
445.5,0.005,271,100,0.0
446.0,0.002,272,100,0.0
446.5,0.002,272,99,1.8
447.0,0.002,272,100,2.4000000000000004
447.5,0.002,272,101,2.4000000000000004
448.0,0.002,273,101,2.4000000000000004
448.5,0.005,273,100,2.4000000000000004
449.0,0.002,273,100,2.4000000000000004
449.5,0.003,274,100,2.4000000000000004
450.0,0.002,274,100,2.4000000000000004
450.5,0.003,274,99,2.4000000000000004
451.0,0.003,275,99,2.4000000000000004
451.5,0.005,275,100,2.4000000000000004
452.0,0.002,275,100,2.4000000000000004
452.5,0.003,275,100,3.0
453.0,0.002,276,100,3.6
453.5,0.003,276,100,3.6
454.0,0.002,276,100,3.0
454.5,0.003,277,100,2.4000000000000004
455.0,0.002,277,100,2.4000000000000004
455.5,0.003,277,100,2.4000000000000004
456.0,0.002,277,100,2.4000000000000004
456.5,0.003,278,100,3.0
457.0,0.002,278,100,3.0
457.5,0.003,278,100,2.4000000000000004
458.0,0.003,279,100,2.4000000000000004
458.5,0.003,279,100,2.4000000000000004
459.0,0.003,279,100,2.4000000000000004
459.5,0.002,280,100,2.4000000000000004
460.0,0.002,280,100,1.8
460.5,0.006,280,100,1.8
461.0,0.002,281,100,1.8
461.5,0.003,281,100,2.4000000000000004
462.0,0.003,281,100,2.4000000000000004
462.5,0.002,282,100,1.8
463.0,0.003,282,100,1.2000000000000002
463.5,0.006,282,100,0.6000000000000001
464.0,0.003,282,101,0.6000000000000001
464.5,0.003,283,101,0.0
465.0,0.003,283,100,0.0
465.5,0.003,283,100,0.0
466.0,0.003,284,99,0.0
466.5,0.005,284,99,0.0
467.0,0.002,284,98,0.0
467.5,0.002,284,98,0.0
468.0,0.005,285,98,0.0
468.5,0.003,285,98,0.0
469.0,0.003,286,98,0.0
469.5,0.003,286,98,0.0
470.0,0.002,286,99,0.0
470.5,0.005,287,98,0.0
471.0,0.002,287,98,0.0
471.5,0.005,287,99,0.0
472.0,0.003,287,99,0.0
472.5,0.005,288,99,0.0
473.0,0.002,288,99,0.0
473.5,0.005,288,99,0.0
474.0,0.003,289,100,0.0
474.5,0.003,289,101,0.0
475.0,0.003,289,101,0.0
475.5,0.003,290,101,0.0
476.0,0.003,290,101,0.0
476.5,0.005,290,101,0.0
477.0,0.002,291,101,0.0
477.5,0.005,291,101,0.0
478.0,0.005,291,100,0.0
478.5,0.003,291,100,1.2000000000000002
479.0,0.002,292,100,2.4000000000000004
479.5,0.005,292,101,3.0
480.0,0.003,292,101,2.4000000000000004
480.5,0.003,293,101,2.4000000000000004
481.0,0.006,293,100,2.4000000000000004
481.5,0.002,293,100,1.8
482.0,0.003,293,100,1.8
482.5,0.005,294,100,1.8
483.0,0.003,294,100,2.4000000000000004
483.5,0.005,294,100,2.4000000000000004
484.0,0.003,295,100,2.4000000000000004
484.5,0.003,295,100,3.0
485.0,0.003,295,101,3.6
485.5,0.006,296,101,3.6
486.0,0.003,296,101,3.0
486.5,0.003,296,101,2.4000000000000004
487.0,0.005,297,100,2.4000000000000004
487.5,0.005,297,100,2.4000000000000004
488.0,0.003,297,100,2.4000000000000004
488.5,0.006,297,100,3.0
489.0,0.006,298,100,2.4000000000000004
489.5,0.003,298,100,2.4000000000000004
490.0,0.005,298,100,2.4000000000000004
490.5,0.003,299,100,2.4000000000000004
491.0,0.003,299,100,2.4000000000000004
491.5,0.01,299,100,2.4000000000000004
492.0,0.003,300,100,1.8
492.5,0.003,300,100,1.8
493.0,0.005,300,100,1.8
493.5,0.005,300,100,1.8
494.0,0.006,301,100,2.4000000000000004
494.5,0.01,301,100,1.8
495.0,0.003,301,100,1.2000000000000002
495.5,0.003,302,100,0.6000000000000001
496.0,0.005,302,101,0.6000000000000001
496.5,0.006,302,101,0.0
497.0,0.005,303,100,0.0
497.5,0.008,303,100,0.0
498.0,0.003,303,99,0.0
498.5,0.003,303,99,0.0
499.0,0.005,304,99,0.0
499.5,0.005,304,98,0.0
500.0,0.003,304,98,0.0
500.5,0.006,305,98,0.0
501.0,0.003,305,98,0.0
501.5,0.003,305,98,0.0
502.0,0.005,306,98,0.0
502.5,0.006,306,99,0.0
503.0,0.005,306,99,0.0
503.5,0.005,306,98,0.0
504.0,0.005,307,99,0.0
504.5,0.003,307,99,0.0
505.0,0.005,307,99,0.0
505.5,0.005,308,99,0.0
506.0,0.003,308,100,0.0
506.5,0.005,308,100,0.0
507.0,0.005,309,101,0.0
507.5,0.003,309,101,0.0
508.0,0.005,309,101,0.0
508.5,0.005,309,101,0.0
509.0,0.005,310,101,0.0
509.5,0.005,310,100,0.0
510.0,0.003,310,100,0.0
510.5,0.003,311,100,0.0
511.0,0.005,311,99,1.8
511.5,0.006,311,100,2.4000000000000004
512.0,0.003,311,100,3.0
512.5,0.005,312,100,2.4000000000000004
513.0,0.003,312,100,2.4000000000000004
513.5,0.003,312,100,2.4000000000000004
514.0,0.003,313,100,2.4000000000000004
514.5,0.005,313,99,1.8
515.0,0.006,313,99,2.4000000000000004
515.5,0.005,314,99,2.4000000000000004
516.0,0.005,314,99,2.4000000000000004
516.5,0.003,314,100,2.4000000000000004
517.0,0.005,315,100,3.0
517.5,0.006,315,100,3.6
518.0,0.005,315,100,3.6
518.5,0.003,315,100,3.0
519.0,0.005,316,100,3.0
519.5,0.003,316,100,2.4000000000000004
520.0,0.005,316,100,2.4000000000000004
520.5,0.003,317,100,2.4000000000000004
521.0,0.003,317,100,3.0
521.5,0.003,317,100,2.4000000000000004
522.0,0.005,318,99,2.4000000000000004
522.5,0.003,318,99,2.4000000000000004
523.0,0.005,318,99,2.4000000000000004
523.5,0.003,318,99,2.4000000000000004
524.0,0.003,319,100,2.4000000000000004
524.5,0.005,319,100,2.4000000000000004
525.0,0.005,319,100,1.8
525.5,0.005,320,100,1.8
526.0,0.006,320,100,2.4000000000000004
526.5,0.003,320,100,2.4000000000000004
527.0,0.003,321,100,1.8
527.5,0.006,321,99,1.2000000000000002
528.0,0.003,321,100,0.6000000000000001
528.5,0.003,321,100,0.6000000000000001
529.0,0.006,322,100,0.6000000000000001
529.5,0.003,322,100,0.0
530.0,0.003,322,100,0.0
530.5,0.005,323,99,0.0
531.0,0.005,323,99,0.0
531.5,0.003,323,98,0.0
532.0,0.006,324,97,0.0
532.5,0.003,324,97,0.0
533.0,0.005,324,97,0.0
533.5,0.005,324,97,0.0
534.0,0.005,325,97,0.0
534.5,0.003,325,97,0.0
535.0,0.008,325,98,0.0
535.5,0.003,326,98,0.0
536.0,0.003,326,98,0.0
536.5,0.003,326,98,0.0
537.0,0.006,326,98,0.0
537.5,0.003,327,98,0.0
538.0,0.006,327,98,0.0
538.5,0.005,327,98,0.0
539.0,0.003,328,99,0.0
539.5,0.005,328,100,0.0
540.0,0.006,328,100,0.0
540.5,0.003,329,101,0.0
541.0,0.006,329,100,0.0
541.5,0.005,329,100,0.0
542.0,0.005,330,100,0.0
542.5,0.005,330,100,0.0
543.0,0.006,330,100,0.0
543.5,0.003,330,99,0.6000000000000001
544.0,0.005,331,99,1.8
544.5,0.005,331,99,3.0
545.0,0.006,331,100,3.0
545.5,0.003,332,100,2.4000000000000004
546.0,0.005,332,100,2.4000000000000004
546.5,0.005,332,99,2.4000000000000004
547.0,0.003,332,99,2.4000000000000004
547.5,0.003,333,99,2.4000000000000004
548.0,0.005,333,99,2.4000000000000004
548.5,0.005,333,99,2.4000000000000004
549.0,0.005,334,99,3.0
549.5,0.005,334,99,3.0
550.0,0.005,334,100,3.6
550.5,0.005,335,100,3.6
551.0,0.005,335,100,3.6
551.5,0.005,335,100,3.0
552.0,0.005,336,100,3.0
552.5,0.005,336,100,2.4000000000000004
553.0,0.003,336,99,2.4000000000000004
553.5,0.003,336,100,3.0
554.0,0.003,337,100,3.6
554.5,0.006,337,100,2.4000000000000004
555.0,0.005,337,99,2.4000000000000004
555.5,0.003,338,99,2.4000000000000004
556.0,0.003,338,100,2.4000000000000004
556.5,0.005,338,100,2.4000000000000004
557.0,0.003,338,101,2.4000000000000004
557.5,0.006,339,100,2.4000000000000004
558.0,0.005,339,100,1.8
558.5,0.005,339,101,1.8
559.0,0.005,340,100,2.4000000000000004
559.5,0.006,340,100,2.4000000000000004
560.0,0.005,340,100,1.8
560.5,0.006,341,100,0.6000000000000001
561.0,0.003,341,100,0.6000000000000001
561.5,0.005,341,100,0.6000000000000001
562.0,0.005,341,100,0.6000000000000001
562.5,0.005,342,100,0.6000000000000001
563.0,0.003,342,99,0.0
563.5,0.006,342,99,0.0
564.0,0.005,343,99,0.0
564.5,0.005,343,98,0.0
565.0,0.005,343,98,0.0
565.5,0.006,344,98,0.0
566.0,0.003,344,98,0.0
566.5,0.006,344,98,0.0
567.0,0.005,345,98,0.0
567.5,0.005,345,98,0.0
568.0,0.005,345,98,0.0
568.5,0.008,345,98,0.0
569.0,0.006,346,98,0.0
569.5,0.006,346,98,0.0
570.0,0.006,346,99,0.0
570.5,0.006,347,99,0.0
571.0,0.005,347,99,0.0
571.5,0.008,347,99,0.0
572.0,0.005,347,100,0.0
572.5,0.006,348,101,0.0
573.0,0.006,348,101,0.0
573.5,0.005,348,101,0.0
574.0,0.005,349,100,0.0
574.5,0.008,349,100,0.0
575.0,0.006,349,100,0.0
575.5,0.006,350,100,0.0
576.0,0.006,350,99,0.0
576.5,0.006,350,99,1.8
577.0,0.005,350,99,2.4000000000000004
577.5,0.008,351,100,3.0
578.0,0.005,351,100,2.4000000000000004
578.5,0.008,351,100,2.4000000000000004
579.0,0.005,352,100,2.4000000000000004
579.5,0.005,352,99,2.4000000000000004
580.0,0.006,352,99,2.4000000000000004
580.5,0.008,353,99,2.4000000000000004
581.0,0.006,353,99,2.4000000000000004
581.5,0.008,353,99,3.0
582.0,0.006,353,99,2.4000000000000004
582.5,0.006,354,99,3.0
583.0,0.008,354,99,3.6
583.5,0.006,354,100,3.6
584.0,0.006,355,100,3.6
584.5,0.008,355,100,2.4000000000000004
585.0,0.006,356,99,2.4000000000000004
585.5,0.008,356,99,3.0
586.0,0.006,356,99,3.0
586.5,0.006,356,99,3.0
587.0,0.005,357,99,2.4000000000000004
587.5,0.01,357,99,3.0
588.0,0.005,357,99,2.4000000000000004
588.5,0.008,358,99,2.4000000000000004
589.0,0.006,358,99,2.4000000000000004
589.5,0.006,358,100,2.4000000000000004
590.0,0.005,359,100,2.4000000000000004
590.5,0.006,359,100,2.4000000000000004
591.0,0.005,359,100,2.4000000000000004
591.5,0.006,360,100,2.4000000000000004
592.0,0.003,360,100,2.4000000000000004
592.5,0.006,360,100,1.2000000000000002
593.0,0.006,360,100,0.6000000000000001
593.5,0.008,361,100,0.6000000000000001
594.0,0.005,361,100,0.6000000000000001
594.5,0.008,361,100,0.0
595.0,0.005,362,100,0.0
595.5,0.008,362,99,0.0
596.0,0.006,362,99,0.0
596.5,0.008,362,98,0.0
597.0,0.003,363,98,0.0
597.5,0.006,363,98,0.0
598.0,0.006,363,98,0.0
598.5,0.006,364,98,0.0
599.0,0.006,364,98,0.0
599.5,0.008,364,98,0.0
600.0,0.005,365,98,0.0
600.5,0.006,365,98,0.0
601.0,0.006,365,98,0.0
601.5,0.008,365,98,0.0
602.0,0.008,366,98,0.0
602.5,0.01,366,99,0.0
603.0,0.005,366,99,0.0
603.5,0.006,367,99,0.0
604.0,0.006,367,100,0.0
604.5,0.008,367,101,0.0
605.0,0.005,368,101,0.0
605.5,0.008,368,101,0.0
606.0,0.006,368,101,0.0
606.5,0.005,368,101,0.0
607.0,0.005,369,100,0.0
607.5,0.006,369,100,0.0
608.0,0.006,369,100,0.0
608.5,0.006,370,99,1.2000000000000002
609.0,0.006,370,99,2.4000000000000004
609.5,0.005,370,100,2.4000000000000004
610.0,0.008,371,100,2.4000000000000004
610.5,0.008,371,100,1.8
611.0,0.005,372,100,1.8
611.5,0.005,372,100,2.4000000000000004
612.0,0.005,372,100,2.4000000000000004
612.5,0.006,373,100,2.4000000000000004
613.0,0.006,373,100,2.4000000000000004
613.5,0.006,373,100,3.0
614.0,0.005,374,100,3.0
614.5,0.005,374,100,3.0
615.0,0.006,374,100,3.0
615.5,0.006,375,101,2.4000000000000004
616.0,0.006,375,100,2.4000000000000004
616.5,0.006,375,100,2.4000000000000004
617.0,0.006,375,100,2.4000000000000004
617.5,0.005,376,100,3.0
618.0,0.006,376,100,3.0
618.5,0.005,376,99,2.4000000000000004
619.0,0.005,377,100,2.4000000000000004
619.5,0.006,377,100,2.4000000000000004
620.0,0.005,377,100,2.4000000000000004
620.5,0.003,377,100,2.4000000000000004
621.0,0.006,378,100,1.8
621.5,0.006,378,100,1.8
622.0,0.005,378,101,1.8
622.5,0.006,379,101,1.8
623.0,0.006,379,100,2.4000000000000004
623.5,0.005,379,100,2.4000000000000004
624.0,0.006,380,100,1.2000000000000002
624.5,0.005,380,100,0.6000000000000001
625.0,0.006,380,100,0.6000000000000001
625.5,0.006,380,101,0.6000000000000001
626.0,0.005,381,100,0.0
626.5,0.005,381,100,0.0
627.0,0.006,381,99,0.0
627.5,0.005,382,99,0.0
628.0,0.005,382,98,0.0
628.5,0.005,382,98,0.0
629.0,0.006,383,98,0.0
629.5,0.005,383,98,0.0
630.0,0.006,383,98,0.0
630.5,0.005,384,98,0.0
631.0,0.006,384,98,0.0
631.5,0.006,384,98,0.0
632.0,0.006,384,98,0.0
632.5,0.003,385,98,0.0
633.0,0.008,385,98,0.0
633.5,0.006,385,98,0.0
634.0,0.005,386,99,0.0
634.5,0.006,386,99,0.0
635.0,0.006,386,99,0.0
635.5,0.006,387,100,0.0
636.0,0.008,387,100,0.0
636.5,0.006,387,101,0.0
637.0,0.005,388,101,0.0
637.5,0.006,388,100,0.0
638.0,0.003,388,100,0.0
638.5,0.005,389,100,0.0
639.0,0.005,389,100,0.0
639.5,0.006,389,99,0.6000000000000001
640.0,0.006,389,99,1.8
640.5,0.005,390,99,2.4000000000000004
641.0,0.005,390,100,2.4000000000000004
641.5,0.006,390,100,2.4000000000000004
642.0,0.005,391,100,2.4000000000000004
642.5,0.005,391,100,2.4000000000000004
643.0,0.006,391,99,2.4000000000000004
643.5,0.006,392,99,2.4000000000000004
644.0,0.006,392,99,2.4000000000000004
644.5,0.008,392,99,2.4000000000000004
645.0,0.006,392,99,3.0
645.5,0.006,393,100,3.0
646.0,0.006,393,100,3.6
646.5,0.005,393,100,3.6
647.0,0.006,394,100,3.6
647.5,0.006,394,100,3.0
648.0,0.005,394,100,2.4000000000000004
648.5,0.006,395,100,2.4000000000000004
649.0,0.008,395,100,2.4000000000000004
649.5,0.005,395,100,3.0
650.0,0.005,395,100,3.6
650.5,0.008,396,100,2.4000000000000004
651.0,0.005,396,99,2.4000000000000004
651.5,0.005,396,99,2.4000000000000004
652.0,0.006,397,99,2.4000000000000004
652.5,0.005,397,100,2.4000000000000004
653.0,0.005,397,100,2.4000000000000004
653.5,0.008,398,100,1.8
654.0,0.006,398,100,1.8
654.5,0.005,398,101,2.4000000000000004
655.0,0.006,399,100,2.4000000000000004
655.5,0.005,399,99,2.4000000000000004
656.0,0.006,399,100,1.8
656.5,0.008,399,100,1.2000000000000002
657.0,0.006,400,100,0.6000000000000001
657.5,0.005,400,100,0.6000000000000001
658.0,0.006,400,100,0.0
658.5,0.006,401,100,0.0
659.0,0.006,401,100,0.0
659.5,0.006,401,99,0.0
660.0,0.006,402,98,0.0
660.5,0.005,402,98,0.0
661.0,0.006,402,98,0.0
661.5,0.008,402,98,0.0
662.0,0.005,403,98,0.0
662.5,0.006,403,98,0.0
663.0,0.01,403,98,0.0
663.5,0.005,404,98,0.0
664.0,0.008,404,98,0.0
664.5,0.006,404,98,0.0
665.0,0.006,404,98,0.0
665.5,0.006,405,98,0.0
666.0,0.01,405,98,0.0
666.5,0.005,405,99,0.0
667.0,0.006,406,99,0.0
667.5,0.006,406,99,0.0
668.0,0.006,406,100,0.0
668.5,0.005,407,100,0.0
669.0,0.008,407,101,0.0
669.5,0.006,407,101,0.0
670.0,0.006,407,100,0.0
670.5,0.008,408,100,0.0
671.0,0.006,408,100,0.0
671.5,0.006,408,100,0.0
672.0,0.008,409,99,0.0
672.5,0.005,409,99,1.8
673.0,0.006,409,99,2.4000000000000004
673.5,0.006,410,100,3.0
674.0,0.006,410,100,3.0
674.5,0.005,410,100,2.4000000000000004
675.0,0.01,410,100,2.4000000000000004
675.5,0.005,411,99,2.4000000000000004
676.0,0.006,411,99,2.4000000000000004
676.5,0.008,411,99,2.4000000000000004
677.0,0.006,412,99,2.4000000000000004
677.5,0.008,412,99,3.0
678.0,0.008,412,99,3.0
678.5,0.006,413,99,3.6
679.0,0.005,413,100,3.6
679.5,0.006,413,100,4.2
680.0,0.006,414,100,3.6
680.5,0.006,414,100,3.0
681.0,0.006,414,100,2.4000000000000004
681.5,0.006,414,100,2.4000000000000004
682.0,0.005,415,100,3.0
682.5,0.005,415,100,3.0
683.0,0.005,415,100,3.0
683.5,0.006,416,99,2.4000000000000004
684.0,0.005,416,99,2.4000000000000004
684.5,0.005,416,100,3.0
685.0,0.005,416,100,2.4000000000000004
685.5,0.005,417,100,2.4000000000000004
686.0,0.005,417,100,2.4000000000000004
686.5,0.005,417,100,2.4000000000000004
687.0,0.005,418,100,2.4000000000000004
687.5,0.005,418,101,2.4000000000000004
688.0,0.008,418,100,2.4000000000000004
688.5,0.006,419,100,2.4000000000000004
689.0,0.005,419,100,1.2000000000000002
689.5,0.006,419,100,0.6000000000000001
690.0,0.005,419,100,0.6000000000000001
690.5,0.005,420,100,0.0
691.0,0.006,420,100,0.0
691.5,0.005,420,100,0.0
692.0,0.005,421,99,0.0
692.5,0.006,421,99,0.0
693.0,0.005,421,98,0.0
693.5,0.005,422,98,0.0
694.0,0.005,422,98,0.0
694.5,0.006,422,98,0.0
695.0,0.003,422,98,0.0
695.5,0.006,423,98,0.0
696.0,0.006,423,98,0.0
696.5,0.006,423,98,0.0
697.0,0.005,424,98,0.0
697.5,0.006,424,98,0.0
698.0,0.005,424,98,0.0
698.5,0.006,425,98,0.0
699.0,0.005,425,98,0.0
699.5,0.005,425,99,0.0
700.0,0.005,425,99,0.0
700.5,0.006,426,99,0.0
701.0,0.008,426,100,0.0
701.5,0.005,426,100,0.0
702.0,0.006,427,101,0.0
702.5,0.005,427,100,0.0
703.0,0.003,427,100,0.0
703.5,0.006,428,100,0.0
704.0,0.005,428,100,0.0
704.5,0.006,428,100,0.0
705.0,0.005,428,99,0.6000000000000001
705.5,0.006,429,99,2.4000000000000004
706.0,0.005,429,99,3.0
706.5,0.006,429,100,3.0
707.0,0.005,430,100,2.4000000000000004
707.5,0.008,430,100,2.4000000000000004
708.0,0.005,430,99,2.4000000000000004
708.5,0.008,431,99,2.4000000000000004
709.0,0.005,431,99,2.4000000000000004
709.5,0.006,431,99,2.4000000000000004
710.0,0.005,431,99,2.4000000000000004
710.5,0.008,432,99,3.0
711.0,0.006,432,100,3.0
711.5,0.006,432,100,3.6
712.0,0.005,433,100,3.6
712.5,0.006,433,100,3.6
713.0,0.005,433,100,3.0
713.5,0.006,434,100,3.0
714.0,0.01,434,100,3.0
714.5,0.003,434,100,2.4000000000000004
715.0,0.005,434,100,3.0
715.5,0.005,435,100,3.6
716.0,0.006,435,100,2.4000000000000004
716.5,0.006,435,100,2.4000000000000004
717.0,0.006,436,99,3.0
717.5,0.003,436,100,2.4000000000000004
718.0,0.006,436,100,2.4000000000000004
718.5,0.005,437,100,2.4000000000000004
719.0,0.006,437,100,1.8
719.5,0.005,437,100,1.8
720.0,0.006,438,100,2.4000000000000004
720.5,0.005,438,100,2.4000000000000004
721.0,0.005,438,100,2.4000000000000004
721.5,0.005,438,100,1.8
722.0,0.005,439,100,1.2000000000000002
722.5,0.005,439,100,0.6000000000000001
723.0,0.006,439,101,0.6000000000000001
723.5,0.005,440,100,0.6000000000000001
724.0,0.003,440,100,0.0
724.5,0.005,440,99,0.0
725.0,0.006,440,99,0.0
725.5,0.003,441,99,0.6000000000000001
726.0,0.006,441,98,0.0
726.5,0.003,441,98,0.0
727.0,0.006,442,98,0.0
727.5,0.003,442,98,0.0
728.0,0.006,442,98,0.0
728.5,0.003,443,98,0.0
729.0,0.008,443,98,0.0
729.5,0.003,443,98,0.0
730.0,0.006,443,98,0.0
730.5,0.003,444,98,0.0
731.0,0.006,444,98,0.0
731.5,0.003,444,98,0.0
732.0,0.006,445,99,0.0
732.5,0.003,445,99,0.0
733.0,0.005,445,99,0.0
733.5,0.003,445,100,0.0
734.0,0.005,446,101,0.0
734.5,0.003,446,101,0.0
735.0,0.008,446,101,0.0
735.5,0.003,447,100,0.0
736.0,0.005,447,100,0.0
736.5,0.005,447,100,0.0
737.0,0.005,448,100,0.0
737.5,0.003,448,100,0.6000000000000001
738.0,0.005,448,99,1.8
738.5,0.003,449,100,3.0
739.0,0.003,449,100,3.0
739.5,0.003,449,100,3.0
740.0,0.006,449,100,2.4000000000000004
740.5,0.003,450,100,2.4000000000000004
741.0,0.005,450,99,2.4000000000000004
741.5,0.003,450,99,2.4000000000000004
742.0,0.005,451,99,2.4000000000000004
742.5,0.003,451,99,2.4000000000000004
743.0,0.005,451,99,3.0
743.5,0.003,452,100,3.0
744.0,0.005,452,99,3.6
744.5,0.005,452,100,3.6
745.0,0.002,452,100,3.6
745.5,0.003,453,100,3.6
746.0,0.003,453,100,3.0
746.5,0.003,453,100,3.0
747.0,0.002,454,100,3.0
747.5,0.005,454,100,3.0
748.0,0.005,454,100,3.6
748.5,0.003,455,100,3.0
749.0,0.003,455,99,3.0
749.5,0.003,455,99,3.0
750.0,0.003,455,100,3.0
750.5,0.005,456,100,2.4000000000000004
751.0,0.002,456,100,2.4000000000000004
751.5,0.002,457,100,2.4000000000000004
752.0,0.002,457,100,1.8
752.5,0.005,457,100,2.4000000000000004
753.0,0.003,457,100,2.4000000000000004
753.5,0.002,458,100,1.8
754.0,0.003,458,100,1.2000000000000002
754.5,0.003,458,100,0.6000000000000001
755.0,0.003,459,101,0.6000000000000001
755.5,0.003,459,101,0.0
756.0,0.005,459,100,0.0
756.5,0.002,460,100,0.0
757.0,0.003,460,99,0.0
757.5,0.002,460,99,0.0
758.0,0.002,461,99,0.0
758.5,0.002,461,98,0.0
759.0,0.003,461,98,0.0
759.5,0.002,461,98,0.0
760.0,0.003,462,98,0.0
760.5,0.0,462,98,0.0
761.0,0.002,462,99,0.0
761.5,0.002,463,99,0.0
762.0,0.003,463,99,0.0
762.5,0.003,463,99,0.0
763.0,0.003,464,99,0.0
763.5,0.003,464,98,0.0
764.0,0.003,464,99,0.0
764.5,0.002,464,100,0.0
765.0,0.003,465,100,0.0
765.5,0.003,465,100,0.0
766.0,0.003,465,101,0.0
766.5,0.003,466,101,0.0
767.0,0.003,466,101,0.0
767.5,0.003,466,101,0.0
768.0,0.002,467,101,0.0
768.5,0.002,467,100,0.0
769.0,0.005,467,100,0.0
769.5,0.003,467,100,0.0
770.0,0.003,468,100,1.8
770.5,0.002,468,100,2.4000000000000004
771.0,0.003,468,101,3.0
771.5,0.002,469,101,3.0
772.0,0.003,469,101,2.4000000000000004
772.5,0.003,469,100,2.4000000000000004
773.0,0.003,470,100,2.4000000000000004
773.5,0.003,470,100,2.4000000000000004
774.0,0.003,470,100,2.4000000000000004
774.5,0.002,471,100,2.4000000000000004
775.0,0.005,471,100,2.4000000000000004
775.5,0.005,471,100,2.4000000000000004
776.0,0.003,471,100,3.0
776.5,0.002,472,101,3.6
777.0,0.002,472,101,3.0
777.5,0.002,472,101,3.0
778.0,0.005,473,101,2.4000000000000004
778.5,0.003,473,101,2.4000000000000004
779.0,0.003,473,100,2.4000000000000004
779.5,0.002,474,100,2.4000000000000004
780.0,0.002,474,100,3.0
780.5,0.0,474,100,2.4000000000000004
781.0,0.005,474,100,2.4000000000000004
781.5,0.003,475,100,2.4000000000000004
782.0,0.003,475,100,2.4000000000000004
782.5,0.003,475,100,2.4000000000000004
783.0,0.002,476,101,2.4000000000000004
783.5,0.002,476,100,1.8
784.0,0.005,476,100,1.8
784.5,0.003,477,101,1.8
785.0,0.003,477,101,2.4000000000000004
785.5,0.003,477,100,2.4000000000000004
786.0,0.002,477,101,1.8
786.5,0.002,478,100,1.2000000000000002
787.0,0.006,478,101,0.6000000000000001
787.5,0.002,478,101,0.6000000000000001
788.0,0.002,479,101,0.6000000000000001
788.5,0.003,479,101,0.0
789.0,0.002,479,100,0.0
789.5,0.002,480,100,0.0
790.0,0.005,480,99,0.0
790.5,0.003,480,99,0.0
791.0,0.003,480,98,0.6000000000000001
791.5,0.003,481,98,0.0
792.0,0.003,481,98,0.0
792.5,0.003,481,98,0.0
793.0,0.005,482,98,0.0
793.5,0.003,482,98,0.0
794.0,0.002,482,99,0.0
794.5,0.003,483,99,0.0
795.0,0.003,483,99,0.0
795.5,0.003,483,98,0.0
796.0,0.005,483,98,0.0
796.5,0.003,484,99,0.0
797.0,0.002,484,100,0.0
797.5,0.003,484,99,0.0
798.0,0.002,485,100,0.0
798.5,0.003,485,101,0.0
799.0,0.003,485,101,0.0
799.5,0.003,486,101,0.0
800.0,0.002,486,100,0.0
800.5,0.003,486,100,0.0
801.0,0.003,486,100,0.0
801.5,0.002,487,100,0.0
802.0,0.003,487,99,0.0
802.5,0.003,487,99,1.8
803.0,0.002,488,99,2.4000000000000004
803.5,0.003,488,100,3.0
804.0,0.002,488,100,3.0
804.5,0.005,489,100,2.4000000000000004
805.0,0.003,489,100,2.4000000000000004
805.5,0.002,489,99,2.4000000000000004
806.0,0.002,489,99,2.4000000000000004
806.5,0.005,490,99,2.4000000000000004
807.0,0.003,490,99,2.4000000000000004
807.5,0.003,490,99,3.0
808.0,0.003,491,100,3.0
808.5,0.003,491,100,3.0
809.0,0.002,491,100,3.6
809.5,0.006,492,100,3.6
810.0,0.002,492,100,3.6
810.5,0.003,492,100,3.0
811.0,0.003,492,100,2.4000000000000004
811.5,0.003,493,100,2.4000000000000004
812.0,0.002,493,100,2.4000000000000004
812.5,0.005,493,100,3.0
813.0,0.002,494,100,3.0
813.5,0.003,494,99,2.4000000000000004
814.0,0.002,494,99,2.4000000000000004
814.5,0.003,495,99,2.4000000000000004
815.0,0.002,495,100,2.4000000000000004
815.5,0.006,495,100,2.4000000000000004
816.0,0.002,495,100,2.4000000000000004
816.5,0.003,496,100,1.8
817.0,0.003,496,100,1.8
817.5,0.005,496,100,2.4000000000000004
818.0,0.002,497,100,2.4000000000000004
818.5,0.006,497,100,1.8
819.0,0.003,497,99,1.2000000000000002
819.5,0.002,498,100,0.6000000000000001
820.0,0.003,498,100,0.6000000000000001
820.5,0.003,498,100,0.0
821.0,0.003,498,100,0.0
821.5,0.005,499,100,0.0
822.0,0.005,499,99,0.0
822.5,0.003,499,99,0.0
823.0,0.002,500,98,0.0
823.5,0.003,500,98,0.6000000000000001
824.0,0.002,500,98,0.0
824.5,0.002,501,98,0.0
825.0,0.003,501,98,0.0
825.5,0.003,501,98,0.0
826.0,0.002,501,98,0.0
826.5,0.005,502,98,0.0
827.0,0.002,502,99,0.0
827.5,0.002,502,98,0.0
828.0,0.002,503,99,0.0
828.5,0.003,503,98,0.0
829.0,0.003,503,99,0.0
829.5,0.003,503,99,0.0
830.0,0.003,504,99,0.0
830.5,0.003,504,100,0.0
831.0,0.003,504,101,0.0
831.5,0.002,505,101,0.0
832.0,0.003,505,101,0.0
832.5,0.003,505,101,0.0
833.0,0.003,506,101,0.0
833.5,0.002,506,101,0.0
834.0,0.003,506,101,0.0
834.5,0.002,507,100,0.0
835.0,0.002,507,100,1.2000000000000002
835.5,0.003,507,100,2.4000000000000004
836.0,0.003,507,100,3.0
836.5,0.0,508,101,3.0
837.0,0.003,508,101,2.4000000000000004
837.5,0.003,508,100,2.4000000000000004
838.0,0.003,509,100,2.4000000000000004
838.5,0.002,509,100,2.4000000000000004
839.0,0.003,509,100,2.4000000000000004
839.5,0.002,510,100,2.4000000000000004
840.0,0.003,510,100,2.4000000000000004
840.5,0.003,510,100,2.4000000000000004
841.0,0.003,511,100,3.0
841.5,0.002,511,100,3.6
842.0,0.003,511,101,3.6
842.5,0.0,511,101,3.0
843.0,0.003,512,101,2.4000000000000004
843.5,0.003,512,101,2.4000000000000004
844.0,0.003,512,100,2.4000000000000004
844.5,0.002,513,100,2.4000000000000004
845.0,0.002,513,100,2.4000000000000004
845.5,0.002,513,100,3.0
846.0,0.003,514,100,2.4000000000000004
846.5,0.002,514,100,2.4000000000000004
847.0,0.003,514,100,2.4000000000000004
847.5,0.003,514,100,2.4000000000000004
848.0,0.002,515,100,2.4000000000000004
848.5,0.002,515,101,1.8
849.0,0.003,515,101,1.8
849.5,0.002,516,101,1.8
850.0,0.005,516,101,1.8
850.5,0.002,516,101,2.4000000000000004
851.0,0.003,516,100,2.4000000000000004
851.5,0.0,517,100,1.2000000000000002
852.0,0.003,517,100,0.6000000000000001
852.5,0.003,517,101,0.6000000000000001
853.0,0.003,518,101,0.6000000000000001
853.5,0.002,518,101,0.0
854.0,0.002,518,100,0.0
854.5,0.0,519,100,0.0
855.0,0.003,519,99,0.0
855.5,0.002,519,99,0.0
856.0,0.005,520,98,0.0
856.5,0.003,520,98,0.0
857.0,0.002,520,98,0.0
857.5,0.002,520,98,0.0
858.0,0.003,521,98,0.0
858.5,0.003,521,98,0.0
859.0,0.005,521,99,0.0
859.5,0.002,522,99,0.0
860.0,0.003,522,98,0.0
860.5,0.003,522,98,0.0
861.0,0.003,522,98,0.0
861.5,0.003,523,99,0.0
862.0,0.003,523,99,0.0
862.5,0.003,523,99,0.0
863.0,0.003,524,100,0.0
863.5,0.003,524,101,0.0
864.0,0.005,524,101,0.0
864.5,0.003,525,101,0.0
865.0,0.003,525,101,0.0
865.5,0.002,525,101,0.0
866.0,0.002,525,100,0.0
866.5,0.002,526,100,0.0
867.0,0.003,526,100,0.0
867.5,0.003,526,99,0.6000000000000001
868.0,0.003,527,99,1.8
868.5,0.002,527,100,2.4000000000000004
869.0,0.003,527,101,2.4000000000000004
869.5,0.005,528,100,2.4000000000000004
870.0,0.003,528,100,2.4000000000000004
870.5,0.003,528,100,2.4000000000000004
871.0,0.005,529,99,2.4000000000000004
871.5,0.003,529,100,2.4000000000000004
872.0,0.003,529,99,2.4000000000000004
872.5,0.003,529,99,2.4000000000000004
873.0,0.003,530,100,2.4000000000000004
873.5,0.002,530,100,3.0
874.0,0.006,530,100,3.0
874.5,0.003,531,101,3.6
875.0,0.002,531,101,3.0
875.5,0.003,531,101,3.0
876.0,0.002,532,100,2.4000000000000004
876.5,0.002,532,100,2.4000000000000004
877.0,0.003,532,100,2.4000000000000004
877.5,0.002,532,100,2.4000000000000004
878.0,0.002,533,100,3.0
878.5,0.003,533,100,2.4000000000000004
879.0,0.002,533,100,2.4000000000000004
879.5,0.003,534,100,2.4000000000000004
880.0,0.003,534,100,2.4000000000000004
880.5,0.003,534,100,2.4000000000000004
881.0,0.002,535,100,1.8
881.5,0.003,535,100,1.8
882.0,0.002,535,100,1.8
882.5,0.002,535,100,1.8
883.0,0.006,536,100,2.4000000000000004
883.5,0.002,536,100,2.4000000000000004
884.0,0.0,536,100,1.2000000000000002
884.5,0.003,537,100,0.6000000000000001
885.0,0.0,537,100,0.6000000000000001
885.5,0.002,537,101,0.6000000000000001
886.0,0.005,538,100,0.0
886.5,0.002,538,100,0.0
887.0,0.003,538,99,0.0
887.5,0.003,539,99,0.0
888.0,0.0,539,98,0.0
888.5,0.003,539,98,0.0
889.0,0.003,539,98,0.6000000000000001
889.5,0.003,540,97,0.0
890.0,0.002,540,98,0.0
890.5,0.005,540,98,0.0
891.0,0.002,541,98,0.0
891.5,0.002,541,98,0.0
892.0,0.002,541,98,0.0
892.5,0.003,541,98,0.0
893.0,0.002,542,98,0.0
893.5,0.005,542,98,0.0
894.0,0.003,542,99,0.0
894.5,0.0,543,99,0.0
895.0,0.003,543,99,0.0
895.5,0.005,543,99,0.0
896.0,0.003,544,100,0.0
896.5,0.003,544,100,0.0
897.0,0.003,544,101,0.0
897.5,0.003,544,101,0.0
898.0,0.002,545,100,0.0
898.5,0.003,545,100,0.0
899.0,0.002,545,100,0.0
899.5,0.005,546,100,0.0
900.0,0.002,546,99,0.6000000000000001
900.5,0.002,546,99,1.8
901.0,0.002,547,100,2.4000000000000004
901.5,0.005,547,100,3.0
902.0,0.003,547,100,2.4000000000000004
902.5,0.006,547,100,2.4000000000000004
903.0,0.005,548,100,2.4000000000000004
903.5,0.002,548,99,1.8
904.0,0.002,548,99,2.4000000000000004
904.5,0.005,549,99,2.4000000000000004
905.0,0.003,549,99,2.4000000000000004
905.5,0.005,549,99,3.0
906.0,0.003,550,100,3.0
906.5,0.002,550,100,3.0
907.0,0.005,550,100,3.6
907.5,0.002,550,100,3.0
908.0,0.003,551,101,3.0
908.5,0.005,551,100,2.4000000000000004
909.0,0.003,551,100,2.4000000000000004
909.5,0.002,552,100,2.4000000000000004
910.0,0.003,552,100,2.4000000000000004
910.5,0.002,552,100,3.0
911.0,0.002,553,100,2.4000000000000004
911.5,0.003,553,99,2.4000000000000004
912.0,0.003,553,100,2.4000000000000004
912.5,0.002,553,100,2.4000000000000004
913.0,0.003,554,100,2.4000000000000004
913.5,0.002,554,100,2.4000000000000004
914.0,0.002,554,100,2.4000000000000004
914.5,0.002,555,100,1.8
915.0,0.003,555,100,1.8
915.5,0.003,555,100,2.4000000000000004
916.0,0.003,556,100,2.4000000000000004
916.5,0.002,556,100,1.8
917.0,0.003,556,100,1.2000000000000002
917.5,0.003,556,100,0.6000000000000001
918.0,0.003,557,101,0.6000000000000001
918.5,0.002,557,100,0.0
919.0,0.002,557,100,0.0
919.5,0.002,558,99,0.0
920.0,0.003,558,99,0.0
920.5,0.002,558,99,0.0
921.0,0.002,559,98,0.0
921.5,0.003,559,98,0.6000000000000001
922.0,0.003,559,98,0.0
922.5,0.002,559,98,0.0
923.0,0.003,560,98,0.0
923.5,0.002,560,98,0.0
924.0,0.005,560,98,0.0
924.5,0.002,561,98,0.0
925.0,0.005,561,98,0.0
925.5,0.003,561,98,0.0
926.0,0.002,562,98,0.0
926.5,0.003,562,98,0.0
927.0,0.005,562,99,0.0
927.5,0.002,562,99,0.0
928.0,0.003,563,99,0.0
928.5,0.002,563,100,0.0
929.0,0.003,563,101,0.0
929.5,0.002,564,101,0.0
930.0,0.003,564,101,0.0
930.5,0.002,564,100,0.0
931.0,0.003,564,100,0.0
931.5,0.002,565,100,0.0
932.0,0.003,565,100,0.0
932.5,0.003,565,100,0.0
933.0,0.003,566,99,1.8
933.5,0.002,566,99,2.4000000000000004
934.0,0.005,566,100,3.0
934.5,0.002,567,100,3.0
935.0,0.002,567,100,2.4000000000000004
935.5,0.002,567,100,2.4000000000000004
936.0,0.003,568,99,2.4000000000000004
936.5,0.002,568,99,1.8
937.0,0.003,568,99,1.8
937.5,0.002,568,99,2.4000000000000004
938.0,0.003,569,99,2.4000000000000004
938.5,0.003,569,99,2.4000000000000004
939.0,0.003,569,99,3.0
939.5,0.003,570,99,3.0
940.0,0.005,570,100,3.6
940.5,0.002,570,100,3.0
941.0,0.003,571,100,3.0
941.5,0.002,571,99,2.4000000000000004
942.0,0.003,571,99,2.4000000000000004
942.5,0.002,571,99,3.0
943.0,0.005,572,99,3.0
943.5,0.003,572,99,3.0
944.0,0.002,572,99,2.4000000000000004
944.5,0.002,573,99,2.4000000000000004
945.0,0.003,573,99,3.0
945.5,0.003,573,99,2.4000000000000004
946.0,0.002,574,99,2.4000000000000004
946.5,0.003,574,99,2.4000000000000004
947.0,0.002,574,100,1.8
947.5,0.003,574,100,1.8
948.0,0.005,575,100,2.4000000000000004
948.5,0.003,575,100,2.4000000000000004
949.0,0.003,575,100,2.4000000000000004
949.5,0.005,576,99,1.2000000000000002
950.0,0.002,576,100,0.6000000000000001
950.5,0.002,576,100,0.6000000000000001
951.0,0.003,577,100,0.6000000000000001
951.5,0.005,577,100,0.0
952.0,0.003,577,100,0.0
952.5,0.003,577,99,0.0
953.0,0.002,578,98,0.0
953.5,0.003,578,98,0.0
954.0,0.002,578,97,0.0
954.5,0.003,579,97,0.0
955.0,0.002,579,97,0.0
955.5,0.003,579,97,0.0
956.0,0.003,579,98,0.0
956.5,0.003,580,98,0.0
957.0,0.003,580,98,0.0
957.5,0.003,580,98,0.0
958.0,0.002,581,98,0.0
958.5,0.005,581,98,0.0
959.0,0.002,581,98,0.0
959.5,0.003,582,98,0.0
960.0,0.002,582,99,0.0
960.5,0.005,582,99,0.0
961.0,0.003,583,99,0.0
961.5,0.006,583,100,0.0
962.0,0.002,583,100,0.0
962.5,0.003,583,101,0.0
963.0,0.003,584,100,0.0
963.5,0.003,584,100,0.0
964.0,0.003,584,100,0.0
964.5,0.005,585,100,0.0
965.0,0.003,585,100,0.0
965.5,0.002,585,99,0.6000000000000001
966.0,0.002,585,99,1.8
966.5,0.003,586,99,3.0
967.0,0.0,586,100,3.0
967.5,0.005,586,100,2.4000000000000004
968.0,0.002,587,100,2.4000000000000004
968.5,0.003,587,99,2.4000000000000004
969.0,0.005,587,99,2.4000000000000004
969.5,0.003,588,99,2.4000000000000004
970.0,0.003,588,99,2.4000000000000004
970.5,0.006,588,99,2.4000000000000004
971.0,0.003,589,99,3.0
971.5,0.003,589,99,3.0
972.0,0.003,589,99,3.6
972.5,0.002,589,100,3.6
973.0,0.002,590,100,3.6
973.5,0.003,590,100,3.6
974.0,0.002,590,100,3.0
974.5,0.002,591,100,3.0
975.0,0.002,591,99,3.0
975.5,0.002,591,99,3.0
976.0,0.002,592,99,3.6
976.5,0.003,592,99,3.0
977.0,0.002,592,98,3.0
977.5,0.003,592,99,3.0
978.0,0.003,593,99,3.0
978.5,0.002,593,99,2.4000000000000004
979.0,0.002,593,100,2.4000000000000004
979.5,0.002,594,99,2.4000000000000004
980.0,0.003,594,100,2.4000000000000004
980.5,0.0,594,100,2.4000000000000004
981.0,0.003,594,99,2.4000000000000004
981.5,0.002,595,99,2.4000000000000004
982.0,0.003,595,99,1.8
982.5,0.002,595,99,1.2000000000000002
983.0,0.003,596,100,0.6000000000000001
983.5,0.002,596,100,0.6000000000000001
984.0,0.003,596,100,0.6000000000000001
984.5,0.002,597,100,0.0
985.0,0.003,597,99,0.0
985.5,0.002,597,99,0.0
986.0,0.002,598,98,0.0
986.5,0.002,598,98,0.0
987.0,0.005,598,97,0.0
987.5,0.003,598,97,0.0
988.0,0.003,599,97,0.0
988.5,0.003,599,97,0.0
989.0,0.003,599,97,0.0
989.5,0.003,600,98,0.0
990.0,0.005,600,98,0.0
990.5,0.005,600,98,0.0
991.0,0.003,600,98,0.0
991.5,0.002,601,98,0.0
992.0,0.003,601,98,0.0
992.5,0.003,601,99,0.0
993.0,0.005,602,99,0.0
993.5,0.002,602,99,0.0
994.0,0.003,602,100,0.0
994.5,0.002,603,100,0.0
995.0,0.003,603,101,0.0
995.5,0.002,603,101,0.0
996.0,0.005,603,101,0.0
996.5,0.002,604,100,0.0
997.0,0.002,604,100,0.0
997.5,0.002,604,100,0.0
998.0,0.005,605,100,0.0
998.5,0.002,605,99,1.2000000000000002
999.0,0.005,605,100,2.4000000000000004
999.5,0.003,606,100,3.0
1000.0,0.003,606,100,3.0
1000.5,0.002,606,100,2.4000000000000004
1001.0,0.003,606,100,2.4000000000000004
1001.5,0.002,607,100,2.4000000000000004
1002.0,0.006,607,100,2.4000000000000004
1002.5,0.003,607,99,2.4000000000000004
1003.0,0.003,608,99,2.4000000000000004
1003.5,0.003,608,100,2.4000000000000004
1004.0,0.003,608,100,2.4000000000000004
1004.5,0.002,608,100,3.0
1005.0,0.006,609,100,3.6
1005.5,0.002,609,101,3.0
1006.0,0.003,610,100,3.0
1006.5,0.002,610,100,2.4000000000000004
1007.0,0.003,610,100,2.4000000000000004
1007.5,0.006,611,100,2.4000000000000004
1008.0,0.003,611,100,3.0
1008.5,0.002,611,100,3.0
1009.0,0.002,612,99,2.4000000000000004
1009.5,0.002,612,99,2.4000000000000004
1010.0,0.003,612,100,2.4000000000000004
1010.5,0.003,613,100,2.4000000000000004
1011.0,0.003,613,100,2.4000000000000004
1011.5,0.002,613,100,2.4000000000000004
1012.0,0.003,613,100,2.4000000000000004
1012.5,0.0,614,100,1.8
1013.0,0.003,614,100,2.4000000000000004
1013.5,0.002,614,100,2.4000000000000004
1014.0,0.003,615,100,2.4000000000000004
1014.5,0.0,615,100,1.2000000000000002
1015.0,0.002,615,100,0.6000000000000001
1015.5,0.0,615,100,0.6000000000000001
1016.0,0.002,616,101,0.6000000000000001
1016.5,0.002,616,100,0.6000000000000001
1017.0,0.003,616,100,0.0
1017.5,0.002,617,99,0.0
1018.0,0.002,617,99,0.0
1018.5,0.002,617,98,0.0
1019.0,0.003,618,98,0.6000000000000001
1019.5,0.002,618,98,0.0
1020.0,0.002,618,97,0.0
1020.5,0.002,618,98,0.0
1021.0,0.003,619,97,0.0
1021.5,0.002,619,98,0.0
1022.0,0.003,619,98,0.0
1022.5,0.002,620,98,0.0
1023.0,0.003,620,98,0.0
1023.5,0.0,620,98,0.0
1024.0,0.003,621,98,0.0
1024.5,0.0,621,98,0.0
1025.0,0.002,621,99,0.0
1025.5,0.002,621,99,0.0
1026.0,0.002,622,99,0.0
1026.5,0.0,622,100,0.0
1027.0,0.002,622,100,0.0
1027.5,0.0,623,101,0.0
1028.0,0.002,623,101,0.0
1028.5,0.0,623,100,0.0
1029.0,0.003,624,100,0.0
1029.5,0.0,624,100,0.0
1030.0,0.002,624,100,0.0
1030.5,0.002,624,99,1.2000000000000002
1031.0,0.0,626,100,2.4000000000000004
1031.5,0.003,626,100,2.4000000000000004
1032.0,0.002,626,99,2.4000000000000004
1032.5,0.0,627,99,2.4000000000000004
1033.0,0.002,627,99,2.4000000000000004
1033.5,0.003,627,99,2.4000000000000004
1034.0,0.0,627,99,2.4000000000000004
1034.5,0.003,628,100,3.0
1035.0,0.0,628,100,3.0
1035.5,0.0,628,100,3.6
1036.0,0.0,629,100,3.6
1036.5,0.002,629,100,3.6
1037.0,0.002,629,101,3.0
1037.5,0.002,630,100,3.0
1038.0,0.002,630,100,2.4000000000000004
1038.5,0.0,630,100,3.0
1039.0,0.0,630,100,3.0
1039.5,0.003,631,100,3.0
1040.0,0.002,631,100,2.4000000000000004
1040.5,0.0,631,99,3.0
1041.0,0.002,632,99,3.0
1041.5,0.002,632,100,3.0
1042.0,0.0,632,100,2.4000000000000004
1042.5,0.003,633,100,2.4000000000000004
1043.0,0.002,633,100,2.4000000000000004
1043.5,0.002,633,100,2.4000000000000004
1044.0,0.002,633,100,2.4000000000000004
1044.5,0.0,634,100,2.4000000000000004
1045.0,0.0,634,100,2.4000000000000004
1045.5,0.002,634,100,1.8
1046.0,0.002,635,100,0.6000000000000001
1046.5,0.002,635,100,0.6000000000000001
1047.0,0.003,635,101,0.6000000000000001
1047.5,0.0,636,100,0.6000000000000001
1048.0,0.002,636,100,0.0
1048.5,0.002,636,99,0.0
1049.0,0.0,637,99,0.0
1049.5,0.0,637,98,0.0
1050.0,0.003,637,98,0.0
1050.5,0.0,637,98,0.0
1051.0,0.0,638,98,0.0
1051.5,0.002,638,98,0.0
1052.0,0.0,638,98,0.0
1052.5,0.002,639,98,0.0
1053.0,0.003,639,98,0.0
1053.5,0.0,639,98,0.0
1054.0,0.0,639,98,0.0
1054.5,0.002,640,98,0.0
1055.0,0.002,640,98,0.0
1055.5,0.002,640,99,0.0
1056.0,0.005,641,99,0.0
1056.5,0.002,642,100,0.0
1057.0,0.0,642,101,0.0
1057.5,0.003,642,101,0.0
1058.0,0.002,643,100,0.0
1058.5,0.002,643,100,0.0
1059.0,0.002,643,100,0.0
1059.5,0.002,644,100,0.0
1060.0,0.0,644,99,0.0
1060.5,0.003,644,99,1.8
1061.0,0.0,645,100,3.0
1061.5,0.003,645,100,3.0
1062.0,0.002,645,100,2.4000000000000004
1062.5,0.002,645,100,2.4000000000000004
1063.0,0.002,646,100,2.4000000000000004
1063.5,0.003,646,99,2.4000000000000004
1064.0,0.0,646,99,2.4000000000000004
1064.5,0.002,647,99,2.4000000000000004
1065.0,0.0,647,99,2.4000000000000004
1065.5,0.002,647,99,3.0
1066.0,0.0,648,100,3.0
1066.5,0.005,648,100,3.6
1067.0,0.002,648,100,3.6
1067.5,0.005,648,100,3.6
1068.0,0.002,649,100,3.6
1068.5,0.0,649,100,3.0
1069.0,0.002,649,100,3.0
1069.5,0.003,650,100,3.0
1070.0,0.002,650,100,3.0
1070.5,0.003,650,100,3.6
1071.0,0.003,651,99,3.0
1071.5,0.002,651,99,2.4000000000000004
1072.0,0.002,651,99,3.0
1072.5,0.005,652,99,2.4000000000000004
1073.0,0.002,652,100,2.4000000000000004
1073.5,0.002,652,100,2.4000000000000004
1074.0,0.003,652,99,2.4000000000000004
1074.5,0.002,653,100,2.4000000000000004
1075.0,0.003,653,100,2.4000000000000004
1075.5,0.005,653,100,2.4000000000000004
1076.0,0.002,654,100,2.4000000000000004
1076.5,0.003,654,99,1.8
1077.0,0.003,654,99,1.2000000000000002
1077.5,0.002,654,100,0.6000000000000001
1078.0,0.002,655,100,0.6000000000000001
1078.5,0.005,655,100,0.6000000000000001
1079.0,0.002,655,100,0.6000000000000001
1079.5,0.002,656,99,0.0
1080.0,0.003,656,99,0.0
1080.5,0.002,656,98,0.0
1081.0,0.002,657,98,0.0
1081.5,0.006,657,97,0.0
1082.0,0.002,658,97,0.0
1082.5,0.003,658,98,0.0
1083.0,0.005,659,98,0.0
1083.5,0.003,659,98,0.0
1084.0,0.002,659,98,0.0
1084.5,0.005,660,98,0.0
1085.0,0.002,660,98,0.0
1085.5,0.003,660,99,0.0
1086.0,0.005,660,99,0.0
1086.5,0.006,661,99,0.0
1087.0,0.003,661,100,0.0
1087.5,0.006,661,100,0.0
1088.0,0.003,662,100,0.0
1088.5,0.003,662,101,0.0
1089.0,0.002,662,100,0.0
1089.5,0.005,662,100,0.0
1090.0,0.002,663,100,0.0
1090.5,0.006,663,100,0.0
1091.0,0.002,663,99,0.0
1091.5,0.005,664,99,1.8
1092.0,0.003,664,99,2.4000000000000004
1092.5,0.005,664,100,3.0
1093.0,0.003,665,100,3.0
1093.5,0.005,665,100,3.0
1094.0,0.003,665,100,2.4000000000000004
1094.5,0.006,666,99,2.4000000000000004
1095.0,0.003,666,99,2.4000000000000004
1095.5,0.005,666,99,2.4000000000000004
1096.0,0.002,666,99,2.4000000000000004
1096.5,0.006,667,99,3.0
1097.0,0.003,667,100,3.0
1097.5,0.005,667,100,3.0
1098.0,0.005,668,100,3.6
1098.5,0.003,668,100,3.6
1099.0,0.003,668,101,3.6
1099.5,0.006,669,101,3.0
1100.0,0.002,669,100,3.0
1100.5,0.003,669,100,3.0
1101.0,0.003,669,100,3.0
1101.5,0.005,670,100,3.0
1102.0,0.002,670,100,3.0
1102.5,0.005,670,100,2.4000000000000004
1103.0,0.003,671,100,2.4000000000000004
1103.5,0.002,671,100,3.0
1104.0,0.003,672,101,2.4000000000000004
1104.5,0.003,672,100,1.8
1105.0,0.006,672,100,1.8
1105.5,0.003,672,100,1.8
1106.0,0.003,673,101,1.8
1106.5,0.003,673,100,2.4000000000000004
1107.0,0.005,673,100,2.4000000000000004
1107.5,0.003,674,100,1.2000000000000002
1108.0,0.006,674,100,0.6000000000000001
1108.5,0.003,674,101,0.6000000000000001
1109.0,0.003,675,101,0.6000000000000001
1109.5,0.005,675,101,0.0
1110.0,0.003,675,100,0.0
1110.5,0.003,676,99,0.0
1111.0,0.005,676,99,0.0
1111.5,0.003,676,99,0.0
1112.0,0.005,676,98,0.0
1112.5,0.003,677,98,0.0
1113.0,0.002,677,98,0.0
1113.5,0.005,677,98,0.0
1114.0,0.003,678,98,0.0
1114.5,0.005,678,99,0.0
1115.0,0.003,678,99,0.0
1115.5,0.005,678,99,0.0
1116.0,0.003,679,99,0.0
1116.5,0.005,679,99,0.0
1117.0,0.005,679,99,0.0
1117.5,0.005,680,99,0.0
1118.0,0.003,680,100,0.0
1118.5,0.005,680,99,0.0
1119.0,0.003,681,100,0.0
1119.5,0.005,681,101,0.0
1120.0,0.005,681,101,0.0
1120.5,0.003,681,101,0.0
1121.0,0.002,682,101,0.0
1121.5,0.005,682,101,0.0
1122.0,0.005,682,101,0.0
1122.5,0.003,683,101,0.0
1123.0,0.003,683,100,0.0
1123.5,0.003,683,100,1.2000000000000002
1124.0,0.003,684,100,2.4000000000000004
1124.5,0.006,684,101,3.0
1125.0,0.005,684,101,3.0
1125.5,0.003,684,101,3.0
1126.0,0.005,685,100,2.4000000000000004
1126.5,0.005,685,100,2.4000000000000004
1127.0,0.003,685,100,1.8
1127.5,0.006,686,100,2.4000000000000004
1128.0,0.003,686,100,2.4000000000000004
1128.5,0.005,686,100,2.4000000000000004
1129.0,0.005,687,100,2.4000000000000004
1129.5,0.005,687,100,3.0
1130.0,0.003,687,100,3.6
1130.5,0.006,687,101,3.6
1131.0,0.003,688,101,3.0
1131.5,0.005,688,101,3.0
1132.0,0.003,688,100,2.4000000000000004
1132.5,0.003,689,100,2.4000000000000004
1133.0,0.006,689,100,2.4000000000000004
1133.5,0.005,689,100,3.0
1134.0,0.003,690,100,3.0
1134.5,0.005,690,100,2.4000000000000004
1135.0,0.003,690,100,2.4000000000000004
1135.5,0.005,691,100,2.4000000000000004
1136.0,0.003,691,100,2.4000000000000004
1136.5,0.008,691,100,2.4000000000000004
1137.0,0.003,691,100,2.4000000000000004
1137.5,0.005,692,100,1.8
1138.0,0.005,692,100,1.8
1138.5,0.005,692,101,2.4000000000000004
1139.0,0.003,693,101,2.4000000000000004
1139.5,0.008,693,100,2.4000000000000004
1140.0,0.005,693,100,1.2000000000000002
1140.5,0.005,694,100,0.6000000000000001
1141.0,0.003,694,100,0.6000000000000001
1141.5,0.006,694,101,0.6000000000000001
1142.0,0.006,695,100,0.0
1142.5,0.006,695,100,0.0
1143.0,0.005,695,99,0.0
1143.5,0.005,695,99,0.0
1144.0,0.003,696,98,0.0
1144.5,0.005,696,98,0.0
1145.0,0.005,696,98,0.0
1145.5,0.006,697,98,0.0
1146.0,0.005,697,98,0.0
1146.5,0.003,697,98,0.0
1147.0,0.003,697,98,0.0
1147.5,0.006,698,99,0.0
1148.0,0.006,698,98,0.0
1148.5,0.006,698,98,0.0
1149.0,0.005,699,98,0.0
1149.5,0.005,699,98,0.0
1150.0,0.003,699,98,0.0
1150.5,0.006,700,99,0.0
1151.0,0.006,700,99,0.0
1151.5,0.006,700,100,0.0
1152.0,0.005,700,100,0.0
1152.5,0.005,701,101,0.0
1153.0,0.005,701,101,0.0
1153.5,0.006,701,101,0.0
1154.0,0.003,702,101,0.0
1154.5,0.006,702,100,0.0
1155.0,0.006,702,100,0.0
1155.5,0.005,703,100,0.0
1156.0,0.005,703,99,1.2000000000000002
1156.5,0.005,703,99,2.4000000000000004
1157.0,0.005,703,100,3.0
1157.5,0.006,704,100,3.0
1158.0,0.005,704,100,2.4000000000000004
1158.5,0.003,704,100,2.4000000000000004
1159.0,0.008,705,99,2.4000000000000004
1159.5,0.003,705,99,2.4000000000000004
1160.0,0.006,705,99,2.4000000000000004
1160.5,0.006,706,99,2.4000000000000004
1161.0,0.006,706,99,2.4000000000000004
1161.5,0.005,706,99,3.0
1162.0,0.006,706,99,3.0
1162.5,0.006,707,99,3.6
1163.0,0.006,707,100,3.6
1163.5,0.006,707,100,3.6
1164.0,0.006,708,100,3.6
1164.5,0.003,708,99,3.0
1165.0,0.008,708,99,3.0
1165.5,0.005,709,99,3.0
1166.0,0.005,709,99,3.0
1166.5,0.006,709,99,3.6
1167.0,0.006,709,99,3.0
1167.5,0.003,710,99,3.0
1168.0,0.008,710,99,3.0
1168.5,0.005,710,99,3.0
1169.0,0.005,711,99,2.4000000000000004
1169.5,0.006,711,100,2.4000000000000004
1170.0,0.006,711,100,2.4000000000000004
1170.5,0.006,712,100,2.4000000000000004
1171.0,0.008,712,100,2.4000000000000004
1171.5,0.005,712,100,2.4000000000000004
1172.0,0.008,712,100,2.4000000000000004
1172.5,0.006,713,100,1.2000000000000002
1173.0,0.006,713,100,0.6000000000000001
1173.5,0.006,714,100,0.6000000000000001
1174.0,0.006,714,100,0.0
1174.5,0.006,714,100,0.0
1175.0,0.006,715,99,0.0
1175.5,0.008,715,99,0.0
1176.0,0.006,715,98,0.0
1176.5,0.006,715,98,0.0
1177.0,0.006,716,97,0.0
1177.5,0.006,716,97,0.0
1178.0,0.006,716,97,0.0
1178.5,0.01,717,97,0.0
1179.0,0.006,717,97,0.0
1179.5,0.006,717,98,0.0
1180.0,0.006,717,98,0.0
1180.5,0.006,718,98,0.0
1181.0,0.006,718,98,0.0
1181.5,0.008,718,98,0.0
1182.0,0.006,719,98,0.0
1182.5,0.005,719,98,0.0
1183.0,0.008,719,99,0.0
1183.5,0.006,720,99,0.0
1184.0,0.006,720,100,0.0
1184.5,0.006,720,100,0.0
1185.0,0.008,720,101,0.0
1185.5,0.005,721,101,0.0
1186.0,0.006,721,100,0.0
1186.5,0.006,721,100,0.0
1187.0,0.006,722,100,0.0
1187.5,0.006,722,100,0.0
1188.0,0.005,722,99,0.0
1188.5,0.005,723,99,1.8
1189.0,0.006,723,99,2.4000000000000004
1189.5,0.005,723,100,3.0
1190.0,0.006,724,100,3.0
1190.5,0.005,724,100,3.0
1191.0,0.005,724,100,2.4000000000000004
1191.5,0.005,724,99,2.4000000000000004
1192.0,0.006,725,99,2.4000000000000004
1192.5,0.006,725,99,2.4000000000000004
1193.0,0.006,725,99,2.4000000000000004
1193.5,0.006,726,100,3.0
1194.0,0.006,726,100,3.0
1194.5,0.005,726,100,3.6
1195.0,0.006,726,100,3.6
1195.5,0.005,727,100,3.6
1196.0,0.006,727,100,3.0
1196.5,0.005,727,100,2.4000000000000004
1197.0,0.005,728,100,2.4000000000000004
1197.5,0.005,728,100,2.4000000000000004
1198.0,0.006,728,100,2.4000000000000004
1198.5,0.005,729,100,3.0
1199.0,0.006,729,100,3.0
1199.5,0.005,729,100,2.4000000000000004
1200.0,0.005,730,100,2.4000000000000004
1200.5,0.006,730,100,3.0
1201.0,0.008,730,100,2.4000000000000004
1201.5,0.005,730,100,2.4000000000000004
1202.0,0.008,731,100,2.4000000000000004
1202.5,0.005,731,100,1.8
1203.0,0.006,731,101,2.4000000000000004
1203.5,0.006,732,100,2.4000000000000004
1204.0,0.008,732,100,2.4000000000000004
1204.5,0.003,732,100,1.8
1205.0,0.006,733,100,1.2000000000000002
1205.5,0.005,733,100,0.6000000000000001
1206.0,0.006,733,101,0.6000000000000001
1206.5,0.005,733,101,0.6000000000000001
1207.0,0.008,734,100,0.0
1207.5,0.005,734,100,0.0
1208.0,0.006,734,99,0.0
1208.5,0.006,735,99,0.0
1209.0,0.006,735,98,0.0
1209.5,0.005,735,98,0.0
1210.0,0.008,735,98,0.0
1210.5,0.005,736,97,0.0
1211.0,0.005,736,98,0.0
1211.5,0.005,736,98,0.0
1212.0,0.005,737,98,0.0
1212.5,0.005,737,99,0.0
1213.0,0.01,737,98,0.0
1213.5,0.006,738,98,0.0
1214.0,0.006,738,98,0.0
1214.5,0.006,738,98,0.0
1215.0,0.005,739,99,0.0
1215.5,0.005,739,99,0.0
1216.0,0.008,739,99,0.0
1216.5,0.006,739,100,0.0
1217.0,0.005,740,101,0.0
1217.5,0.006,740,101,0.0
1218.0,0.006,740,101,0.0
1218.5,0.005,741,101,0.0
1219.0,0.008,741,100,0.0
1219.5,0.006,741,100,0.0
1220.0,0.005,742,100,0.0
1220.5,0.006,742,100,0.0
1221.0,0.006,742,99,1.8
1221.5,0.006,742,100,2.4000000000000004
1222.0,0.006,743,100,3.0
1222.5,0.006,743,100,3.0
1223.0,0.006,743,100,2.4000000000000004
1223.5,0.006,744,100,2.4000000000000004
1224.0,0.006,744,99,2.4000000000000004
1224.5,0.006,744,99,2.4000000000000004
1225.0,0.006,744,99,2.4000000000000004
1225.5,0.006,745,99,2.4000000000000004
1226.0,0.003,745,99,3.0
1226.5,0.008,745,100,2.4000000000000004
1227.0,0.005,746,100,3.0
1227.5,0.005,746,100,3.6
1228.0,0.006,746,100,3.6
1228.5,0.005,747,100,3.0
1229.0,0.005,747,100,3.0
1229.5,0.006,747,100,3.0
1230.0,0.006,748,100,2.4000000000000004
1230.5,0.005,748,100,3.0
1231.0,0.005,748,100,3.0
1231.5,0.006,748,100,3.0
1232.0,0.005,749,99,2.4000000000000004
1232.5,0.006,749,100,2.4000000000000004
1233.0,0.005,749,99,3.0
1233.5,0.006,750,100,3.0
1234.0,0.006,750,100,2.4000000000000004
1234.5,0.006,750,100,2.4000000000000004
1235.0,0.005,750,100,2.4000000000000004
1235.5,0.008,751,100,2.4000000000000004
1236.0,0.006,751,100,2.4000000000000004
1236.5,0.006,751,100,2.4000000000000004
1237.0,0.005,752,100,2.4000000000000004
1237.5,0.006,752,100,1.2000000000000002
1238.0,0.006,752,100,0.6000000000000001
1238.5,0.008,753,100,0.6000000000000001
1239.0,0.005,753,101,0.6000000000000001
1239.5,0.006,753,100,0.0
1240.0,0.005,754,100,0.0
1240.5,0.005,754,99,0.0
1241.0,0.005,754,99,0.0
1241.5,0.008,754,98,0.0
1242.0,0.006,755,98,0.0
1242.5,0.005,755,98,0.0
1243.0,0.005,755,98,0.0
1243.5,0.006,756,98,0.0
1244.0,0.005,756,98,0.0
1244.5,0.008,756,98,0.0
1245.0,0.005,756,98,0.0
1245.5,0.005,757,98,0.0
1246.0,0.006,757,98,0.0
1246.5,0.008,757,98,0.0
1247.0,0.006,758,98,0.0
1247.5,0.008,758,99,0.0
1248.0,0.006,758,99,0.0
1248.5,0.005,759,99,0.0
1249.0,0.008,759,100,0.0
1249.5,0.008,759,100,0.0
1250.0,0.006,759,101,0.0
1250.5,0.006,760,101,0.0
1251.0,0.008,760,101,0.0
1251.5,0.005,760,101,0.0
1252.0,0.008,761,100,0.0
1252.5,0.006,761,100,0.0
1253.0,0.005,761,100,0.0
1253.5,0.008,762,99,0.6000000000000001
1254.0,0.006,762,99,2.4000000000000004
1254.5,0.005,762,100,3.0
1255.0,0.008,763,100,3.0
1255.5,0.008,763,100,2.4000000000000004
1256.0,0.006,763,100,2.4000000000000004
1256.5,0.005,763,100,2.4000000000000004
1257.0,0.006,764,99,2.4000000000000004
1257.5,0.005,764,99,2.4000000000000004
1258.0,0.008,764,99,2.4000000000000004
1258.5,0.006,765,99,2.4000000000000004
1259.0,0.006,765,100,3.0
1259.5,0.008,765,100,3.0
1260.0,0.006,766,100,3.6
1260.5,0.006,766,100,3.6
1261.0,0.008,766,100,3.6
1261.5,0.005,766,100,3.0
1262.0,0.006,767,100,3.0
1262.5,0.006,767,100,2.4000000000000004
1263.0,0.005,767,100,3.0
1263.5,0.006,768,100,3.0
1264.0,0.006,768,100,3.0
1264.5,0.006,768,100,3.0
1265.0,0.006,770,100,2.4000000000000004
1265.5,0.008,770,100,1.8
1266.0,0.006,771,100,2.4000000000000004
1266.5,0.008,771,100,2.4000000000000004
1267.0,0.006,771,100,2.4000000000000004
1267.5,0.01,772,99,1.8
1268.0,0.006,772,100,1.2000000000000002
1268.5,0.006,772,100,0.6000000000000001
1269.0,0.006,772,100,0.6000000000000001
1269.5,0.008,773,100,0.0
1270.0,0.005,773,100,0.0
1270.5,0.01,773,99,0.0
1271.0,0.006,774,99,0.0
1271.5,0.005,774,98,0.0
1272.0,0.005,774,98,0.0
1272.5,0.006,774,97,0.0
1273.0,0.006,775,98,0.0
1273.5,0.01,775,97,0.0
1274.0,0.006,775,97,0.0
1274.5,0.006,776,98,0.0
1275.0,0.005,776,98,0.0
1275.5,0.008,776,98,0.0
1276.0,0.005,777,98,0.0
1276.5,0.006,777,98,0.0
1277.0,0.008,777,98,0.0
1277.5,0.005,778,98,0.0
1278.0,0.006,778,99,0.0
1278.5,0.008,778,99,0.0
1279.0,0.005,778,99,0.0
1279.5,0.006,779,100,0.0
1280.0,0.006,779,100,0.0
1280.5,0.005,779,101,0.0
1281.0,0.005,780,101,0.0
1281.5,0.006,780,100,0.0
1282.0,0.005,780,100,0.0
1282.5,0.006,780,100,0.0
1283.0,0.006,781,100,0.0
1283.5,0.006,781,99,0.0
1284.0,0.005,781,99,1.8
1284.5,0.006,782,99,2.4000000000000004
1285.0,0.005,782,100,3.0
1285.5,0.006,782,100,3.0
1286.0,0.006,783,100,3.0
1286.5,0.006,783,100,2.4000000000000004
1287.0,0.005,783,99,2.4000000000000004
1287.5,0.006,783,99,2.4000000000000004
1288.0,0.006,784,99,2.4000000000000004
1288.5,0.005,784,99,2.4000000000000004
1289.0,0.008,784,99,3.0
1289.5,0.006,785,100,3.0
1290.0,0.006,785,100,3.0
1290.5,0.006,786,100,3.6
1291.0,0.006,786,100,3.6
1291.5,0.008,786,100,3.0
1292.0,0.005,787,100,3.0
1292.5,0.006,787,100,3.0
1293.0,0.005,787,100,3.0
1293.5,0.005,787,100,3.0
1294.0,0.005,788,100,3.0
1294.5,0.005,788,99,2.4000000000000004
1295.0,0.005,788,100,2.4000000000000004
1295.5,0.006,789,100,2.4000000000000004
1296.0,0.003,789,100,2.4000000000000004
1296.5,0.005,789,100,2.4000000000000004
1297.0,0.005,789,100,2.4000000000000004
1297.5,0.006,790,100,2.4000000000000004
1298.0,0.005,790,100,2.4000000000000004
1298.5,0.006,790,100,2.4000000000000004
1299.0,0.005,791,100,2.4000000000000004
1299.5,0.006,791,100,1.8
1300.0,0.005,791,100,1.2000000000000002
1300.5,0.008,792,100,0.6000000000000001
1301.0,0.003,792,100,0.6000000000000001
1301.5,0.006,792,100,0.6000000000000001
1302.0,0.005,793,100,0.6000000000000001
1302.5,0.005,793,100,0.0
1303.0,0.005,793,99,0.0
1303.5,0.005,793,99,0.0
1304.0,0.005,794,98,0.0
1304.5,0.008,794,98,0.6000000000000001
1305.0,0.005,794,98,0.0
1305.5,0.005,795,98,0.0
1306.0,0.005,795,98,0.0
1306.5,0.006,795,98,0.0
1307.0,0.003,796,98,0.0
1307.5,0.005,796,99,0.0
1308.0,0.005,796,99,0.0
1308.5,0.006,796,99,0.0
1309.0,0.005,797,98,0.0
1309.5,0.008,797,99,0.0
1310.0,0.005,797,99,0.0
1310.5,0.005,798,0,0.0
1311.0,0.005,798,0,0.0
1311.5,0.005,798,0,0.0
1312.0,0.005,798,0,0.0
1312.5,0.005,798,0,0.0
1313.0,0.005,798,0,0.0
